desc,valor,metraje,url,metraje_2,lat,lng
1 Dormitorio en Malvin Norte,39000,,https://www.gallito.com.uy/venta-de-casa-de-1-dormitorio-en-malvin-norte-inmuebles-27324995,35.0,-34.90721,-56.19027
2 Dormitorios en Cerrito,44000,,https://www.gallito.com.uy/para-reciclar-completamente-ph-al-frente-se-escucha-oferta-inmuebles-27342466,60.0,,
2 Dormitorios en Belvedere,59000,,https://www.gallito.com.uy/a-reciclar-ideal-vivienda-o-para-renta-atanasildo-suarez-inmuebles-25759511,51.0,-34.85269,-56.21883
4 Dormitorios en Piedras Blancas,59000,,https://www.gallito.com.uy/casa-cuatro-dormitorios-jardin-entrada-vehicular-inmuebles-27595802,70.0,-34.82298,-56.15965
1 Dormitorio en Aires Puros,61000,40.0,https://www.gallito.com.uy/muy-linda-casa-ph-al-frente-jardin-y-patio-inmuebles-27037615,65.0,-34.85393,-56.1855
2 Dormitorios en Cerro,63000,53.0,https://www.gallito.com.uy/bonita-soleada-gran-fondo-acepta-banco-inmuebles-27469209,192.0,,
1 Dormitorio en Otro,65000,45.0,https://www.gallito.com.uy/casa-en-venta-de-un-dormitorio-en-flor-de-maroñas-inmuebles-27474304,88.0,-34.86592,-56.12709
2 Dormitorios en Manga,70000,50.0,https://www.gallito.com.uy/excelente-ubicacion-dos-dormitorios-lugar-para-vehiculo-inmuebles-27469124,60.0,-34.90721,-56.19027
3 Dormitorios en Paso Molino,70000,,https://www.gallito.com.uy/oficina-sosa-atanasildo-suarez-y-emancipacion-casa-y-galp-inmuebles-25295290,123.0,-34.85252,-56.21863
3 Dormitorios en Colon,73000,,https://www.gallito.com.uy/oficina-sosa-alquilada-casa-amplia-en-peã±arol-inmuebles-25968135,260.0,-34.81752,-56.20753
4 Dormitorios en Nuevo Paris,73000,100.0,https://www.gallito.com.uy/casa-en-venta-local-en-nuevo-paris-inmuebles-27325291,200.0,,
4 Dormitorios en Maroñas,74000,125.0,https://www.gallito.com.uy/casa-venta-4-dormitorios-cochera-maroñas-montevideo-g-inmuebles-27134741,136.0,,
4 Dormitorios en Otro,74000,125.0,https://www.gallito.com.uy/casa-venta-4-dormitorios-cochera-villa-española-montevide-inmuebles-27134743,136.0,-34.8685,-56.13984
4 Dormitorios en Union,74000,125.0,https://www.gallito.com.uy/casa-venta-4-dormitorios-cochera-union-montevideo-g-inmuebles-27134742,136.0,-34.87164,-56.14486
4 Dormitorios en Villa Española,74000,125.0,https://www.gallito.com.uy/casa-venta-villa-española-cochera-montevideo-g-inmuebles-27134744,136.0,-34.86776,-56.13885
2 Dormitorios en Manga,75000,,https://www.gallito.com.uy/propiedad-en-planta-alta-sobre-la-perimetral-inmuebles-25895351,86.0,,
2 Dormitorios en J. Hipodromo,75000,75.0,https://www.gallito.com.uy/chalet-en-padron-unico-inmuebles-26907176,470.0,-34.8326,-56.13036
2 Dormitorios en Maroñas,75000,59.0,https://www.gallito.com.uy/lea-atentamente-la-publicacion-usd-75000-y-cuotas-inmuebles-27296590,89.0,-34.90721,-56.19027
1 Dormitorio en Ciudad Vieja,75000,47.0,https://www.gallito.com.uy/casa-venta-ciudad-vieja-montevideo-imasuy-s-inmuebles-27398986,47.0,-34.90913,-56.21211
2 Dormitorios en Villa Española,75000,,https://www.gallito.com.uy/sobre-yucatan-casa-en-padrã³n-ãnico-excelente-inmuebles-27266256,190.0,-34.86517,-56.14818
3 Dormitorios en Peñarol,77000,106.0,https://www.gallito.com.uy/casa-en-venta-de-3-dormitorios-en-peñarol-con-patio-inmuebles-26125397,118.0,-34.82593,-56.20061
3 Dormitorios en La Comercial,78500,61.0,https://www.gallito.com.uy/casa-de-2-plantas-en-venta-en-la-comercial-inmuebles-26790958,74.0,,
3 Dormitorios en Cerro,79000,,https://www.gallito.com.uy/viacaba-y-grecia-casa-con-gran-potencial-inmuebles-25884556,122.0,-34.88768,-56.24895
3 Dormitorios en Union,80000,,https://www.gallito.com.uy/casa-en-venta-3-dormitorios-union-inmuebles-26042096,100.0,,
2 Dormitorios en Union,84000,66.0,https://www.gallito.com.uy/casa-en-venta-barrio-union-2-dormitorios-y-garge-inmuebles-26874604,66.0,-34.87634,-56.1361
3 Dormitorios en Maroñas,85000,,https://www.gallito.com.uy/imperal-vendecasa-3-dorm-cochera-y-apto-1-dormitorio-inmuebles-26989428,580.0,-34.83426,-56.14139
4 Dormitorios en Aires Puros,85000,74.0,https://www.gallito.com.uy/inversores-venta-2-casas-mismo-padron-cochera-inmuebles-26298190,410.0,,
1 Dormitorio en Union,85000,44.0,https://www.gallito.com.uy/venta-casa-1-dormitorio-jardin-y-demas-inmuebles-27462943,44.0,-34.88015,-56.14155
2 Dormitorios en Las Acacias,85000,,https://www.gallito.com.uy/imperial-vende-casa2-dorm-cochera-fdo-y-apto-monoambiente-inmuebles-27246270,320.0,-34.83774,-56.15151
2 Dormitorios en Reducto,85000,67.0,https://www.gallito.com.uy/casa-en-venta-de-2-dormitorios-en-reducto-inmuebles-27383335,67.0,-34.87837,-56.19375
2 Dormitorios en Atahualpa,86000,57.0,https://www.gallito.com.uy/casa-venta-atahualpa-montevideo-imasuy-r-inmuebles-27363650,65.0,-34.86922,-56.19023
Más de 4 dormitorios en La Comercial,89000,,https://www.gallito.com.uy/venta-de-casa-6-dormitorios-en-la-comercial-montevideo-inmuebles-27363460,110.0,-34.89786,-56.17352
Más de 4 dormitorios en Tres Cruces,89000,,https://www.gallito.com.uy/venta-de-casa-6-dormitorios-en-tres-cruces-montevideo-l-inmuebles-27363461,110.0,-34.89786,-56.17352
Más de 4 dormitorios en Cordon,89000,,https://www.gallito.com.uy/venta-de-casa-6-dormitorios-en-cordon-montevideo-l-inmuebles-27398925,110.0,-34.89786,-56.17352
3 Dormitorios en Paso Molino,90000,100.0,https://www.gallito.com.uy/preciclar-en-dos-niveles-terraza-patio-y-parrillero-inmuebles-27342517,100.0,,
1 Dormitorio en La Teja,93000,,https://www.gallito.com.uy/casa-en-venta-en-la-teja-inmuebles-27599259,1.0,-34.86336,-56.23354
2 Dormitorios en Piedras Blancas,93000,,https://www.gallito.com.uy/casa-en-esquina-ampliojardin-parrillero-a-100m-belloni-inmuebles-26144478,90.0,,
1 Dormitorio en La Comercial,93000,,https://www.gallito.com.uy/casa-esquina-domingo-aramburu-y-marti­n-c-marti­nez-inmuebles-26032834,37.0,-34.88344,-56.17417
2 Dormitorios en Aguada,95000,62.0,https://www.gallito.com.uy/casa-en-venta-de-2-dormitorios-en-aguada-inmuebles-27510656,129.0,-34.89521,-56.18457
2 Dormitorios en Arroyo Seco,95000,71.0,https://www.gallito.com.uy/casa-en-padron-unico-tres-dormitorios-y-azotea-inmuebles-23717360,70.0,-34.87766,-56.19297
1 Dormitorio en Buceo,95000,,https://www.gallito.com.uy/casa-en-venta-1-dormitorio-con-acceso-a-la-azota-inmuebles-27347926,1.0,-34.89928,-56.12295
2 Dormitorios en Villa Española,98000,,https://www.gallito.com.uy/casa-en-planta-baja-prã³x-a-corrales-y-varela-inmuebles-27484352,126.0,-34.8597,-56.13805
4 Dormitorios en Colon,98000,,https://www.gallito.com.uy/casa-ubicado-en-las-mejores-zona-de-colon-inmuebles-26204219,280.0,,
2 Dormitorios en Atahualpa,98000,,https://www.gallito.com.uy/casa-en-venta-2-dormitorios-y-patio-en-atahualpa-inmuebles-26297646,100.0,,
2 Dormitorios en Reducto,98500,,https://www.gallito.com.uy/casa-sobre-garcia-peña-y-vilardebo-inmuebles-26443126,60.0,-34.87636,-56.18637
2 Dormitorios en Jacinto Vera,100000,70.0,https://www.gallito.com.uy/venta-casa-esquina-proxbrartigas-y-san-martin-inmuebles-24263326,70.0,-34.87342,-56.18104
2 Dormitorios en La Comercial,100000,48.0,https://www.gallito.com.uy/propiedad-horizontal-tipo-casita-independiente-sin-gcomun-inmuebles-26302309,53.0,-34.89216,-56.17456
2 Dormitorios en Prado,100000,46.0,https://www.gallito.com.uy/en-pb-a-metros-de-castro-y-maua-inmuebles-21293965,78.0,-34.85103,-56.20279
2 Dormitorios en Centro,100000,113.0,https://www.gallito.com.uy/padron-unico-a-reciclar-gaboto-1656-inmuebles-25611271,113.0,-34.90023,-56.17997
3 Dormitorios en Malvin Norte,100000,120.0,https://www.gallito.com.uy/linda-casa-en-cooperativa-de-viviendas-inmuebles-27540357,120.0,-34.88144,-56.10452
1 Dormitorio en Prado,105000,,https://www.gallito.com.uy/lista-para-entrar-millãn-y-pedro-primero-inmuebles-26881630,50.0,-34.84702,-56.20708
1 Dormitorio en Prado,105000,65.0,https://www.gallito.com.uy/lista-para-mudarse-millan-y-pedro-primero-inmuebles-24384590,50.0,-34.84702,-56.20708
3 Dormitorios en La Teja,109000,143.0,https://www.gallito.com.uy/casa-en-venta-de-tres-dormitorios-apartamento-en-la-teja-inmuebles-27325191,192.0,,
2 Dormitorios en Malvin Norte,109000,46.0,https://www.gallito.com.uy/venta-con-renta-de-casa-de-2-dormitorios-en-malvin-norte-inmuebles-27473824,90.0,-34.87803,-56.10602
2 Dormitorios en Parque Batlle,110000,55.0,https://www.gallito.com.uy/oportunidad-casa-2-dormitorios-con-patio-inmuebles-27267169,70.0,-34.88704,-56.15585
2 Dormitorios en Villa Muñoz,110000,56.0,https://www.gallito.com.uy/casa-al-frente-orientacion-norte-sol-todo-el-dia-inmuebles-24457090,56.0,-34.89239,-56.17501
2 Dormitorios en Tres Cruces,110000,56.0,https://www.gallito.com.uy/casa-de-altos-orientacion-norte-todo-el-sol-inmuebles-24460716,56.0,-34.89206,-56.17426
2 Dormitorios en La Comercial,110000,41.0,https://www.gallito.com.uy/casa-en-venta-de-2-dormitorios-en-la-comercial-inmuebles-27370280,66.0,-34.8882,-56.16669
3 Dormitorios en Aguada,115000,108.0,https://www.gallito.com.uy/casa-en-venta-de-3-dormitorios-en-aguada-inmuebles-27107787,108.0,-34.89075,-56.18401
2 Dormitorios en Piedras Blancas,115000,200.0,https://www.gallito.com.uy/padron-grande-con-casa-y-dos-aptos-a-reciclar-se-escucha-of-inmuebles-27342481,1000.0,,
2 Dormitorios en Colon,115000,100.0,https://www.gallito.com.uy/a-una-cuadra-de-av-garzon-y-a-una-de-av-lezica-inmuebles-26288508,320.0,-34.80268,-56.22644
Más de 4 dormitorios en Bella Vista,115000,,https://www.gallito.com.uy/oficina-sosa-hervidero-y-gral-farias-proximo-a-agraciada-inmuebles-25861258,142.0,-34.87784,-56.19964
3 Dormitorios en Union,116000,,https://www.gallito.com.uy/casa-chalet-en-venta-uniã³n-inmuebles-27379040,335.0,-34.8754,-56.13448
3 Dormitorios en Bella Vista,118000,100.0,https://www.gallito.com.uy/amplia-casa-sin-gastos-comunes-inmuebles-27378719,95.0,-34.90721,-56.19027
1 Dormitorio en Tres Cruces,118000,75.0,https://www.gallito.com.uy/venta-casa-en-tres-cruces-de-un-dormitorio-inmuebles-27317439,83.0,-34.89601,-56.17412
3 Dormitorios en Cordon,119000,102.0,https://www.gallito.com.uy/casa-para-reciclar-80-m2-terreno-102-const-padron-unico-inmuebles-22179188,102.0,,
Más de 4 dormitorios en Cordon,119000,,https://www.gallito.com.uy/casa-venta-cordon-montevideo-imasuy-lc-inmuebles-27398102,205.0,-34.90108,-56.18139
2 Dormitorios en Tres Cruces,119000,62.0,https://www.gallito.com.uy/venta-casa-2-dorm-amplia-al-frente-tres-cruces-inmuebles-25644253,380.0,-34.89276,-56.17509
3 Dormitorios en Sayago,125000,81.0,https://www.gallito.com.uy/casa-en-venta-de-tres-dormitorios-en-sayago-inmuebles-27325217,329.0,,
2 Dormitorios en Reducto,126000,,https://www.gallito.com.uy/oficina-sosa-vilardebã³-y-millãn-casa-en-y-al-inmuebles-27479543,70.0,-34.87635,-56.18733
3 Dormitorios en Sayago,129000,268.0,https://www.gallito.com.uy/imperdible-ya-inmuebles-27195451,268.0,,
3 Dormitorios en Cordon,130000,120.0,https://www.gallito.com.uy/casa-en-venta-inmuebles-27305821,130.0,-34.90691,-56.17601
2 Dormitorios en Prado,130000,80.0,https://www.gallito.com.uy/venta-casa-2-dormitorios-frente-a-prado-inmuebles-26911660,90.0,-34.8591,-56.21334
3 Dormitorios en Malvin Norte,130000,60.0,https://www.gallito.com.uy/excelente-padron-unico-con-gge-jardin-y-fondo-inmuebles-27241202,378.0,,
3 Dormitorios en Aguada,130000,109.0,https://www.gallito.com.uy/casa-venta-aguada-montevideo-imasuy-r-inmuebles-27363657,129.0,-34.8812,-56.18917
1 Dormitorio en Pocitos Nuevo,130000,45.0,https://www.gallito.com.uy/vacia-1-dormitorio-cochera-jardin-azotea-inmuebles-27128695,130.0,,
1 Dormitorio en Buceo,130000,45.0,https://www.gallito.com.uy/vacia-1-dormitorio-cochera-jardin-azotea-inmuebles-27224782,130.0,-34.89898,-56.14001
2 Dormitorios en Union,130000,88.0,https://www.gallito.com.uy/casa-venta-2-dormitorios-union-montevideo-imasuy-as-inmuebles-27294088,88.0,-34.88072,-56.13848
2 Dormitorios en Prado,132000,60.0,https://www.gallito.com.uy/venta-casa-dos-dormitorios-prado-inmuebles-27352620,112.0,,
3 Dormitorios en Sayago,133000,,https://www.gallito.com.uy/excelente-duplex-inmuebles-27420290,150.0,-34.90721,-56.19027
2 Dormitorios en Jacinto Vera,135000,,https://www.gallito.com.uy/casa-2-dormitorios-en-venta-zona-jacinto-vera-inmuebles-25889426,93.0,-34.87339,-56.17478
2 Dormitorios en Atahualpa,135000,104.0,https://www.gallito.com.uy/casa-de-altos-en-muy-buen-estado-y-se-necesita-vender-ya-inmuebles-26082210,100.0,,
2 Dormitorios en Palermo,135000,150.0,https://www.gallito.com.uy/padron-unico-en-gonzalo-ramirez-en-pleno-palermo-a-reciclar-inmuebles-27565232,155.0,-34.91261,-56.18035
3 Dormitorios en Pocitos,137000,93.0,https://www.gallito.com.uy/venta-casa-de-3-dormitorios-en-pocitos-inmuebles-27297480,93.0,,
3 Dormitorios en Ciudad Vieja,139000,89.0,https://www.gallito.com.uy/casa-venta-ciudad-vieja-montevideo-imasuy-s-inmuebles-27363836,89.0,-34.90869,-56.21134
Más de 4 dormitorios en Carrasco Norte,140000,150.0,https://www.gallito.com.uy/venta-de-3-casas-en-un-mismo-padron-en-carrasco-norte-inmuebles-26452783,150.0,-34.87201,-56.08587
3 Dormitorios en Brazo Oriental,140000,,https://www.gallito.com.uy/imperialvende-casa-tres-dorms-cochera-y-tzacon-parrillero-inmuebles-25169859,90.0,-34.86493,-56.1716
3 Dormitorios en Villa Española,145000,,https://www.gallito.com.uy/casa-venta-villa-española-montevideo-imasuy-rc-inmuebles-27175168,146.0,-34.86908,-56.14286
2 Dormitorios en La Blanqueada,145000,48.0,https://www.gallito.com.uy/baldovino-venta-casa-la-blanqueada-catala-y-chiavari-inmuebles-26724754,71.0,-34.87585,-56.16001
3 Dormitorios en Colon,145000,,https://www.gallito.com.uy/casa-amplio-jdin-pleno-centro-colon-inmuebles-26463784,135.0,,
3 Dormitorios en Jacinto Vera,147000,80.0,https://www.gallito.com.uy/no-gastos-comunes-gge-80m2-patio-estufa-leña-inmuebles-26836776,80.0,,
3 Dormitorios en Goes,148000,99.0,https://www.gallito.com.uy/casa-alquilada-en-padron-unico-a-1-de-gral-flores-inmuebles-22717476,99.0,-34.88129,-56.1802
4 Dormitorios en Colon,148000,120.0,https://www.gallito.com.uy/casa-y-apto-al-frente-ambos-con-cocheras-y-muy-bien-ubicados-inmuebles-27033172,300.0,-34.90721,-56.19027
3 Dormitorios en Perez Castellanos,149000,105.0,https://www.gallito.com.uy/dueño-vende-espectacular-casa-zona-antel-arenas-acepto-banco-inmuebles-27296982,190.0,-34.85995,-56.15686
3 Dormitorios en Parque Batlle,149000,95.0,https://www.gallito.com.uy/casa-en-venta-3-dorm-parque-batlle-inmuebles-23665936,95.0,-34.89345,-56.14762
3 Dormitorios en Goes,149000,92.0,https://www.gallito.com.uy/venta-casa-de-3-dormitorios-y-2-baños-con-parrillero-goes-inmuebles-27331878,114.0,-34.87781,-56.17539
4 Dormitorios en Union,150000,130.0,https://www.gallito.com.uy/excelente-oportunidad-inmuebles-27352075,205.0,-34.87654,-56.14279
2 Dormitorios en Sayago,150000,97.0,https://www.gallito.com.uy/hermosa-casa-en-sayago-cochera-jardin-y-gran-fondo-inmuebles-27489443,185.0,-34.83126,-56.21127
2 Dormitorios en Pajas Blancas,150000,,https://www.gallito.com.uy/casa-2-dorm-2-baños-jardin-garage-parrillero-inmuebles-27599537,851.0,-34.86241,-56.33193
4 Dormitorios en Peñarol,155000,150.0,https://www.gallito.com.uy/ideal-p-inversion-p-renta-cuatro-unidades-en-un-padron-inmuebles-26266256,545.0,-34.82052,-56.21208
3 Dormitorios en Union,155000,170.0,https://www.gallito.com.uy/dos-casas-y-taller-en-un-padron-morelli-y-batlle-y-ordoñez-inmuebles-27565217,381.0,-34.88163,-56.144
3 Dormitorios en Goes,155000,,https://www.gallito.com.uy/casa-en-venta-goes-inmuebles-27379041,120.0,-34.87766,-56.17893
3 Dormitorios en Jacinto Vera,155000,,https://www.gallito.com.uy/casa-sobre-garibaldi-esquina-cufrã©-inmuebles-26072991,99.0,,
3 Dormitorios en Brazo Oriental,155000,103.0,https://www.gallito.com.uy/venta-casa-brazo-oriental-padron-unico-3-dormitorios-par-inmuebles-27266583,103.0,-34.8655,-56.18311
2 Dormitorios en Parque Rodo,157000,60.0,https://www.gallito.com.uy/venta-casa-de-2-dormitorios-en-parque-rodo-patio-con-parril-inmuebles-27441631,67.0,-34.90615,-56.17238
3 Dormitorios en Aires Puros,158000,,https://www.gallito.com.uy/excelente-casa-3-dormitorios-amplio-terreno-crenta-inmuebles-24510327,425.0,,
Más de 4 dormitorios en Parque Rodo,160000,157.0,https://www.gallito.com.uy/charrua-y-ac-diaz-amplisima-casa-antigua-a-reciclar-inmuebles-26790445,187.0,-34.9058,-56.16662
1 Ambiente en Goes,160000,135.0,https://www.gallito.com.uy/casa-a-la-venta-en-la-comercial-de-cuatro-dormitorios-inmuebles-27037369,135.0,-34.88904,-56.17723
2 Dormitorios en La Blanqueada,160000,131.0,https://www.gallito.com.uy/venta-casa-2-dormitorios-la-blanqueada-mercado-modelo-inmuebles-27573497,257.0,-34.87017,-56.15702
Más de 4 dormitorios en Reducto,160000,225.0,https://www.gallito.com.uy/oportunidad-casa-y-apto-en-excelente-ubicacion-inmuebles-27410249,225.0,,
4 Dormitorios en Maroñas,160000,166.0,https://www.gallito.com.uy/hermosa-casa-gran-terreno-cochera-fondo-4-dorm-1-baño-inmuebles-27378704,640.0,-34.83642,-56.12516
4 Dormitorios en Peñarol,165000,100.0,https://www.gallito.com.uy/casa-de-4-dormitorio-terreno-de-3500-metros-en-peñarol-inmuebles-27351992,3600.0,,
4 Dormitorios en Atahualpa,165000,,https://www.gallito.com.uy/imperial-vendecasa-planta-alta-4-dormitorios-dos-baños-inmuebles-27239825,200.0,-34.86965,-56.18615
3 Dormitorios en Jacinto Vera,168000,,https://www.gallito.com.uy/casa-sobre-lorenzo-fernandez-y-pedernal-padrã³n-inmuebles-26924416,88.0,-34.87354,-56.17634
3 Dormitorios en La Blanqueada,169000,101.0,https://www.gallito.com.uy/amplia-casa-de-3-dormitorios-con-patio-y-garaje-inmuebles-27378242,113.0,,
3 Dormitorios en Maroñas Curva,169000,133.0,https://www.gallito.com.uy/casa-en-venta-tres-dormitorios-dos-baños-padron-unico-inmuebles-27272891,422.0,,
4 Dormitorios en Aguada,169000,,https://www.gallito.com.uy/casa-de-4-dormitorios-con-garaje-y-patio-sobre-inmuebles-26096211,115.0,-34.88293,-56.19137
3 Dormitorios en Jacinto Vera,169000,100.0,https://www.gallito.com.uy/venta-casa-3-dormitorios-con-parrillero-jacinto-vera-inmuebles-27042631,100.0,,
2 Dormitorios en Buceo,169000,90.0,https://www.gallito.com.uy/venta-casa-antigua-buceo-a-reciclar-sobre-avenida-inmuebles-27569249,356.0,,
2 Dormitorios en Buceo,170000,65.0,https://www.gallito.com.uy/vivi-a-mts-de-la-rambla-del-puertito-inmuebles-24745086,65.0,-34.90197,-56.13141
3 Dormitorios en Piedras Blancas,170000,120.0,https://www.gallito.com.uy/extraordinaria-casa-2-aptos-a-30-mts-de-jbelloni-inmuebles-27067885,120.0,,
3 Dormitorios en Perez Castellanos,170000,130.0,https://www.gallito.com.uy/casa-al-frente-cjardin-y-amplio-patio-con-parrillero-gge-inmuebles-25772386,250.0,,
4 Dormitorios en Ciudad Vieja,170000,124.0,https://www.gallito.com.uy/venta-casa-4-dormitorios-y-patio-en-la-rambla-ciudad-vieja-inmuebles-27489552,124.0,-34.91087,-56.20975
3 Dormitorios en Prado,170000,100.0,https://www.gallito.com.uy/casa-duplex-en-complejo-privado-comodo-y-seguro-inmuebles-27503507,100.0,-34.84654,-56.2041
3 Dormitorios en La Blanqueada,175000,,https://www.gallito.com.uy/a-metros-del-nuevocentro-y-a-pasos-de-br-artigas-inmuebles-27377991,90.0,-34.87081,-56.1675
3 Dormitorios en Prado,175000,80.0,https://www.gallito.com.uy/excelente-ubicacion-en-el-prado-casa-en-venta-inmuebles-26257242,100.0,-34.85594,-56.20127
2 Dormitorios en Brazo Oriental,175000,103.0,https://www.gallito.com.uy/casa-en-venta-de-2-dormitorios-en-brazo-oriental-patio-g-inmuebles-27234734,168.0,-34.86133,-56.18437
3 Dormitorios en Prado,175000,80.0,https://www.gallito.com.uy/venta-casa-3-dormitorios-1-baño-en-el-prado-inmuebles-26845260,103.0,-34.85595,-56.20132
3 Dormitorios en Maroñas Curva,175000,347.0,https://www.gallito.com.uy/dos-casas-en-el-mismo-padron-en-curva-de-maronas-inmuebles-26193961,347.0,,
3 Dormitorios en Union,178000,160.0,https://www.gallito.com.uy/casa-en-venta-union-3-dormitorios-jardin-120-m2-2-pisos-inmuebles-27447721,280.0,,
2 Dormitorios en Parque Batlle,179000,60.0,https://www.gallito.com.uy/casa-a-estrenar-en-villa-dolores-inmuebles-26923539,70.0,-34.89956,-56.14772
2 Dormitorios en La Blanqueada,179000,,https://www.gallito.com.uy/muy-lindo-dãplex-en-chiavari-y-herrera-punto-inmuebles-25868460,57.0,-34.87553,-56.1605
4 Dormitorios en Union,179900,,https://www.gallito.com.uy/casa-venta-union-montevideo-imasuy-as-inmuebles-27569216,90.0,-34.88537,-56.13457
2 Dormitorios en Larrañaga,180000,90.0,https://www.gallito.com.uy/oportunidad-amplia-casa-2-dorm-patio-cochera-apto-inmuebles-26173211,215.0,-34.87113,-56.15993
2 Dormitorios en Cordon,180000,100.0,https://www.gallito.com.uy/casa-moderna-y-calida-con-patio-parrillero-y-estufa-a-leña-inmuebles-27518897,100.0,,
Más de 4 dormitorios en Cerro,180000,362.0,https://www.gallito.com.uy/casas-venta-centro-inmuebles-21355230,181.0,-34.89686,-56.19097
4 Dormitorios en Brazo Oriental,180000,,https://www.gallito.com.uy/imperial-vende-inversorescasa-reciclar-4-dorm-600-mtrs-inmuebles-26093100,600.0,-34.86289,-56.16623
2 Dormitorios en Buceo,180000,66.0,https://www.gallito.com.uy/a-nuevo-jardin-con-cochera-azotea-con-parrilero-con-mesada-inmuebles-27224454,170.0,-34.89496,-56.12585
4 Dormitorios en Capurro,183000,136.0,https://www.gallito.com.uy/venta-casa-4-dormitorios-en-capurro-inmuebles-27293505,252.0,-34.87016,-56.21132
4 Dormitorios en La Blanqueada,185000,100.0,https://www.gallito.com.uy/soleada-amplios-espacios-cochera-patio-parillero-si-banco-inmuebles-27561857,160.0,-34.88331,-56.1625
2 Dormitorios en Parque Batlle,187000,60.0,https://www.gallito.com.uy/casa-a-estrenar-en-parque-batlle-inmuebles-26923538,70.0,-34.89956,-56.14772
3 Dormitorios en Prado,189000,,https://www.gallito.com.uy/toda-en-una-planta-con-hermoso-desahogo-en-el-jardi­n-inmuebles-25940544,180.0,-34.84846,-56.19767
4 Dormitorios en Belvedere,189000,200.0,https://www.gallito.com.uy/casa-cuatro-dormitorios-local-en-venta-en-belvedere-inmuebles-27325331,239.0,,
2 Dormitorios en Buceo,190000,65.0,https://www.gallito.com.uy/casa-de-2-dormitorios-en-buceo-jardin-patio-y-cochera-inmuebles-20458115,96.0,-34.90125,-56.13067
3 Dormitorios en Paso De La Arena,190000,83.0,https://www.gallito.com.uy/amplia-casa-en-un-entorno-parquisado-cerca-de-la-uam-inmuebles-24422047,1752.0,-34.82467,-56.29532
2 Dormitorios en Puerto Buceo,190000,65.0,https://www.gallito.com.uy/casa-de-2-dormitorios-en-buceo-jardin-patio-y-cochera-inmuebles-20458095,96.0,-34.90125,-56.13067
2 Dormitorios en Brazo Oriental,195000,,https://www.gallito.com.uy/sobre-magested-tres-casas-en-un-mismo-padrã³n-inmuebles-27473187,1.0,-34.86557,-56.18192
3 Dormitorios en Prado,196000,80.0,https://www.gallito.com.uy/arcadia-vende-inmuebles-16290296,129.0,-34.84666,-56.20197
2 Dormitorios en Villa Dolores,197000,60.0,https://www.gallito.com.uy/casa-a-estrenar-en-villa-dolores-inmuebles-27420384,60.0,-34.89956,-56.14772
2 Dormitorios en Bolivar M. Modelo,198000,,https://www.gallito.com.uy/con-renta-2-casas-en-un-padron-inmuebles-27240383,120.0,,
3 Dormitorios en Union,198000,,https://www.gallito.com.uy/casa-en-la-uniã³n-3-dormitorios-garaje-ideal-inmuebles-25772421,266.0,-34.88644,-56.13195
2 Dormitorios en Prado,198000,,https://www.gallito.com.uy/oficina-sosa-villagrãn-y-j-suarez-prã³ximo-a-lucas-obes-inmuebles-26670307,221.0,-34.8679,-56.19568
Más de 4 dormitorios en Aguada,199000,198.0,https://www.gallito.com.uy/venta-casa-5-dormitorios-aguada-nueva-palmira-y-republica-inmuebles-27162067,198.0,,
4 Dormitorios en Brazo Oriental,199000,,https://www.gallito.com.uy/2-casas-y-un-local-en-fermin-ferreira-esquina-lorenzo-ferna-inmuebles-26169007,87.0,-34.86866,-56.18093
Más de 4 dormitorios en Aires Puros,200000,257.0,https://www.gallito.com.uy/oportunidad-excelente-construccion-con-fondo-y-galpon-inmuebles-27410317,340.0,-34.85032,-56.19143
3 Dormitorios en La Blanqueada,210000,,https://www.gallito.com.uy/hermosa-casa-en-carrasquito-de-canal-5-juan-y-inmuebles-27117883,191.0,-34.87898,-56.15891
Más de 4 dormitorios en Union,210000,284.0,https://www.gallito.com.uy/casa-en-union-inmuebles-25241951,288.0,-34.87398,-56.13052
Más de 4 dormitorios en Carrasco Norte,210000,,https://www.gallito.com.uy/terreno-venta-carrasco-norte-montevideo-imasuy-as-inmuebles-27140821,1035.0,-34.87736,-56.08441
2 Dormitorios en Prado,215000,90.0,https://www.gallito.com.uy/casa-en-venta-de-2-dormitorios-c-cochera-en-prado-padro-inmuebles-25082711,90.0,-34.86391,-56.2027
3 Dormitorios en Jacinto Vera,219800,,https://www.gallito.com.uy/muy-buena-propiedad-sã³lida-y-cã³moda-inmuebles-26448005,116.0,,
3 Dormitorios en Aires Puros,220000,141.0,https://www.gallito.com.uy/casa-de-tejas-prox-luis-a-de-herrera-entrada-2-calles-inmuebles-25855128,141.0,,
3 Dormitorios en Buceo,220000,124.0,https://www.gallito.com.uy/pasos-estivao-y-r-anador-3-4-dorm-2-baños-gge-x-3-fdo-inmuebles-24173917,240.0,-34.89373,-56.134
3 Dormitorios en Buceo,220000,111.0,https://www.gallito.com.uy/padron-unico-solida-construccion-con-garage-inmuebles-27008603,111.0,,
2 Dormitorios en Prado,225000,130.0,https://www.gallito.com.uy/una-casa-estilo-campo-en-la-ciudad-inmuebles-27548626,130.0,-34.87021,-56.19499
2 Dormitorios en Malvin,225000,,https://www.gallito.com.uy/terreno-12-metros-de-frente-sobre-av-italia-inmuebles-24506913,250.0,-34.88567,-56.10227
4 Dormitorios en La Blanqueada,225000,140.0,https://www.gallito.com.uy/casa-en-venta-padron-unico-4-dormitorios-garaje-parriller-inmuebles-25417536,140.0,-34.88489,-56.15666
2 Dormitorios en Lezica,230000,380.0,https://www.gallito.com.uy/casa-gje-galpon-de-220-m2-y-terreno-de-1475-m2-inmuebles-27378837,1475.0,-34.80736,-56.25673
2 Dormitorios en Buceo,230000,,https://www.gallito.com.uy/casa-en-venta-en-puertito-del-buceo-inmuebles-27142708,60.0,,
2 Dormitorios en La Blanqueada,230000,110.0,https://www.gallito.com.uy/encantadora-en-dos-plantas-con-garaje-jardin-y-parrillero-inmuebles-26882617,152.0,-34.88761,-56.14422
3 Dormitorios en Prado,230000,169.0,https://www.gallito.com.uy/venta-casa-de-3-dormitorios-y-escritorio-prado-cochera-inmuebles-27234846,169.0,-34.86091,-56.2141
3 Dormitorios en Paso Molino,230000,169.0,https://www.gallito.com.uy/venta-casa-de-3-dormitorios-y-escritorio-paso-molino-cocher-inmuebles-27161516,169.0,-34.86091,-56.2141
3 Dormitorios en Prado,236000,1.0,https://www.gallito.com.uy/muy-linda-casa-con-todas-las-comodidades-prox-molinos-de-inmuebles-26096666,388.0,,
2 Dormitorios en Reducto,240000,122.0,https://www.gallito.com.uy/venta-casa-2-dormitorios-cochera-fondo-verde-atahualpa-inmuebles-27241022,375.0,-34.85821,-56.19254
3 Dormitorios en Union,240000,130.0,https://www.gallito.com.uy/hermosa-casa-que-tiene-todo-gran-fondo-inmuebles-27324339,400.0,,
Más de 4 dormitorios en Reducto,243000,217.0,https://www.gallito.com.uy/dueño-vende-casa-mas-dos-apartamentos-padron-unico-reducto-inmuebles-27513898,233.0,-34.87698,-56.1883
3 Dormitorios en Prado,248000,90.0,https://www.gallito.com.uy/proximo-a-millan-y-micenas-padron-unico-en-1-planta-inmuebles-27149566,90.0,-34.86014,-56.19216
Más de 4 dormitorios en Brazo Oriental,249000,,https://www.gallito.com.uy/casa-en-venta-brazo-oriental-inmuebles-27379043,497.0,-34.85806,-56.1791
3 Dormitorios en Malvin,250000,,https://www.gallito.com.uy/oportunidad-exc-construccion-de-epoca-veala-si-banco-inmuebles-25623794,140.0,,
2 Dormitorios en Pocitos,250000,72.0,https://www.gallito.com.uy/venta-casa-2-dormitorios-con-garaje-a-estrenar-en-pocitos-inmuebles-27415912,93.0,-34.90579,-56.14253
2 Dormitorios en Carrasco Norte,250000,77.0,https://www.gallito.com.uy/carrasco-norte-unidades-duplex-2dorm-2b-2cochparrillero-inmuebles-25553624,90.0,-34.87018,-56.06517
2 Dormitorios en Malvin,250000,70.0,https://www.gallito.com.uy/venta-casa-en-malvin-ph-gran-jardin-2-dormitorios-y-gge-inmuebles-26261259,230.0,-34.89082,-56.11048
3 Dormitorios en Jacinto Vera,250000,,https://www.gallito.com.uy/imperial-vende-casa-3dorm-patio-y-demas-comodidades-inmuebles-27008296,200.0,-34.87187,-56.17516
2 Dormitorios en Pocitos,250000,72.0,https://www.gallito.com.uy/venta-casa-2-dormitorios-en-pocitos-a-estrenar-con-terraza-inmuebles-27272299,93.0,-34.90579,-56.14253
Más de 4 dormitorios en Prado,250000,226.0,https://www.gallito.com.uy/venta-de-2-inmuebles-en-el-mismo-padron-prado-inmuebles-26144533,323.0,,
2 Dormitorios en Puerto Buceo,250000,80.0,https://www.gallito.com.uy/casa-2-plantas-prox-puerto-de-buceo-inmuebles-27300544,110.0,-34.90124,-56.13059
2 Dormitorios en Punta Gorda,255000,82.0,https://www.gallito.com.uy/venta-casa-2-dormitorios-prox-al-mar-punta-gorda-inmuebles-27388308,87.0,,
3 Dormitorios en Jacinto Vera,255000,,https://www.gallito.com.uy/muy-linda-casa-reciclada-a-metros-de-garibaldi-y-inmuebles-27229302,158.0,-34.91337,
3 Dormitorios en Malvin Norte,259000,,https://www.gallito.com.uy/espectacular-casa-a-la-venta-patio-parrilla-cochera-inmuebles-27493995,100.0,-34.88563,-56.10607
3 Dormitorios en Malvin Norte,259000,,https://www.gallito.com.uy/increible-casa-a-la-venta-tipo-ph-patio-parrillero-g-inmuebles-27493982,100.0,-34.88578,-56.1059
3 Dormitorios en Malvin Norte,259000,,https://www.gallito.com.uy/increible-casa-a-la-venta-tipo-ph-cochera-patio-inmuebles-27449017,100.0,-34.88574,-56.10585
3 Dormitorios en Malvin Norte,259000,,https://www.gallito.com.uy/increible-casa-a-la-venta-tipo-ph-cochera-patio-parr-inmuebles-27449030,100.0,-34.88565,-56.1057
3 Dormitorios en Malvin,259000,100.0,https://www.gallito.com.uy/casa-en-venta-inmuebles-25588213,100.0,-34.88539,-56.1008
3 Dormitorios en Malvin,259000,100.0,https://www.gallito.com.uy/hermosas-casa-en-ph-independientes-con-cochera-y-patio-inmuebles-27434254,100.0,-34.8857,-56.10036
3 Dormitorios en Malvin Norte,259000,,https://www.gallito.com.uy/hermosas-casa-en-ph-independientes-con-cochera-y-patio-inmuebles-27442087,100.0,-34.88518,-56.10068
3 Dormitorios en Carrasco,260000,95.0,https://www.gallito.com.uy/casa-ph-en-carrasco-3-dormitorios-3-baños-garaje-inmuebles-25587973,200.0,-34.88162,-56.078
4 Dormitorios en Carrasco Norte,260000,,https://www.gallito.com.uy/casa-venta-barbacoa-garage-carrasco-norte-montevideo-g-inmuebles-27558191,205.0,-34.86931,-56.11201
4 Dormitorios en Malvin Norte,260000,,https://www.gallito.com.uy/casa-venta-piscina-garage-malvin-norte-montevideo-g-inmuebles-27558190,205.0,-34.86808,-56.1134
4 Dormitorios en Otro,260000,,https://www.gallito.com.uy/casa-venta-4-dormitorios-garage-montevideo-imasuy-g-inmuebles-27558192,205.0,-34.86889,-56.1125
3 Dormitorios en Palermo,260000,160.0,https://www.gallito.com.uy/casa-en-venta-en-palermo-inmuebles-27347237,160.0,,
3 Dormitorios en Buceo,265000,112.0,https://www.gallito.com.uy/venta-casa-3-dormitorios-y-garaje-en-buceo-inmuebles-26918130,178.0,-34.89914,-56.13315
3 Dormitorios en Buceo,265000,112.0,https://www.gallito.com.uy/lo-mas-buscado-y-a-mts-del-montevideo-shopping-inmuebles-24696239,178.0,-34.89952,-56.13343
3 Dormitorios en Buceo,265000,112.0,https://www.gallito.com.uy/casa-venta-buceo-3-dormitorios-imasuy-gr-inmuebles-26251647,112.0,,
2 Dormitorios en Malvin,269000,,https://www.gallito.com.uy/casa-en-malvin-sur-2-dormitorios-2-baños-y-parrlillero-inmuebles-27266648,153.0,-34.90721,-56.19027
3 Dormitorios en Aguada,270000,135.0,https://www.gallito.com.uy/casa-en-venta-de-3-dormitorios-c-cochera-en-aguada-inmuebles-27479639,364.0,-34.89678,-56.18756
3 Dormitorios en Prado,270000,,https://www.gallito.com.uy/oficina-sosa-gauchos-esquina-raffo-chalet-de-buena-constr-inmuebles-26181304,500.0,-34.85369,-56.21265
Más de 4 dormitorios en Brazo Oriental,273000,180.0,https://www.gallito.com.uy/excelente-presencia-sobre-br-artigas-inmuebles-18800188,220.0,-34.87086,-56.18087
2 Dormitorios en Pocitos,275000,70.0,https://www.gallito.com.uy/venta-de-casa-de-2-dormitorios-en-pocitos-inmuebles-27246340,110.0,-34.90701,-56.14706
3 Dormitorios en Punta Carretas,279000,143.0,https://www.gallito.com.uy/sarmiento-prox-rambla-pu-con-gge-inmuebles-25310723,143.0,-34.91487,-56.16365
4 Dormitorios en Prado,280000,150.0,https://www.gallito.com.uy/excelente-propiedad-en-san-felipe-y-santiago-4-dormit-inmuebles-22253309,190.0,-34.86391,-56.20136
Más de 4 dormitorios en Pocitos,280000,200.0,https://www.gallito.com.uy/casatroja-venta-casa-en-pocitos-inmuebles-26193641,200.0,,
2 Dormitorios en Malvin,280000,90.0,https://www.gallito.com.uy/una-planta-dos-de-rambla-luminosa-jardin-cochera-fondo-inmuebles-27569330,225.0,-34.89282,-56.10482
3 Dormitorios en Parque Batlle,287000,173.0,https://www.gallito.com.uy/venta-de-casa-de-3-dormitorios-en-parque-batlle-rep-de-inmuebles-27586241,211.0,-34.89101,-56.14471
Más de 4 dormitorios en La Blanqueada,289000,209.0,https://www.gallito.com.uy/venta-casa-para-inversion-la-blanqueada-alta-renta-inmuebles-26443277,209.0,,
4 Dormitorios en Palermo,289000,230.0,https://www.gallito.com.uy/casa-en-venta-reciclada-palermo-4-dormitorios-4-baños-fondo-inmuebles-24683251,230.0,-34.91072,-56.18225
3 Dormitorios en Prado,290000,200.0,https://www.gallito.com.uy/ifer&olivera-castro-esq-islas-canarias-inmuebles-25795923,200.0,-34.85207,-56.20676
3 Dormitorios en La Blanqueada,290000,90.0,https://www.gallito.com.uy/se-vende-en-la-blanqueada-inmuebles-27387816,125.0,-34.90721,-56.19027
2 Dormitorios en Perez Castellanos,290000,,https://www.gallito.com.uy/imperial-vendecasa-2-dormt-fondo-parrillero-cochera-inmuebles-27267070,600.0,-34.86032,-56.14855
Más de 4 dormitorios en Malvin,295000,471.0,https://www.gallito.com.uy/venta-malvin-sur-casa-deposito-oficinas-inmuebles-26744888,644.0,-34.89007,-56.12674
3 Dormitorios en Palermo,298000,132.0,https://www.gallito.com.uy/casatroja-venta-casa-punta-carretas-inmuebles-26319649,131.0,,
2 Dormitorios en Tres Cruces,298000,,https://www.gallito.com.uy/venta-de-casa-3-dormitorios-con-renta-en-tres-cruces-inmuebles-26779231,116.0,-34.89496,-56.16864
Más de 4 dormitorios en Prado,300000,1.0,https://www.gallito.com.uy/casatroja-venta-dos-casas-mismo-padron-ideal-dos-familias-inmuebles-26272982,135.0,,
2 Dormitorios en Buceo,300000,80.0,https://www.gallito.com.uy/sobre-calle-tranquila-a-pasos-de-todo-impecable-divina-inmuebles-27336766,272.0,-34.89384,-56.12963
Más de 4 dormitorios en Cerrito,310000,250.0,https://www.gallito.com.uy/casa-en-ph-gral-flores-y-leon-perez-gge-3-autos-y-patio-inmuebles-27323988,375.0,-34.85514,-56.16297
Más de 4 dormitorios en Cordon,310000,,https://www.gallito.com.uy/casa-en-venta-cordã³n-inmuebles-27352988,300.0,-34.90725,-56.17081
3 Dormitorios en Parque Batlle,310000,295.0,https://www.gallito.com.uy/casa-en-padron-unico-con-garage-doble-y-fondo-con-parrillero-inmuebles-27548382,295.0,,
Más de 4 dormitorios en Parque Rodo,310000,,https://www.gallito.com.uy/casa-en-venta-parque-rodã³-inmuebles-27352989,300.0,-34.90725,-56.17081
Más de 4 dormitorios en Barrio Sur,315000,488.0,https://www.gallito.com.uy/venta-de-oficinas-barrio-sur-inmuebles-25161351,488.0,,
3 Dormitorios en Pocitos,318000,86.0,https://www.gallito.com.uy/venta-casa-3-dormitorios-garage-parrillero-a-estrenar-inmuebles-27576247,118.0,,
Más de 4 dormitorios en Brazo Oriental,320000,266.0,https://www.gallito.com.uy/venta-de-casa-padron-unico-inmuebles-27430470,242.0,-34.86099,-56.18439
3 Dormitorios en Colon,321000,313.0,https://www.gallito.com.uy/casa-en-venta-de-3-dormitorios-c-cochera-en-colon-inmuebles-26147383,1076.0,-34.80658,-56.22347
3 Dormitorios en Malvin Norte,328000,163.0,https://www.gallito.com.uy/casa-en-venta-de-3-dormitorios-c-cochera-en-malvin-norte-inmuebles-27448356,270.0,-34.88739,-56.13118
3 Dormitorios en Prado,330000,100.0,https://www.gallito.com.uy/jardines-del-prado-para-ocupar-ya-consulte-promocion-ca-inmuebles-24756324,1.0,,
1 Dormitorio en Otro,330000,,https://www.gallito.com.uy/casa-terreno-venta-montevideo-imasuy-rg-inmuebles-27466299,517.0,-34.88831,-56.12961
2 Dormitorios en Malvin,330000,74.0,https://www.gallito.com.uy/venta-casa-de-2-dormitorios-jardin-y-parrillero-en-malvin-inmuebles-26707937,177.0,-34.88991,-56.10657
3 Dormitorios en Otro,330000,224.0,https://www.gallito.com.uy/2-casas-pu-venta-montevideo-cochera-3-dormitorios-patio-a-inmuebles-26266687,370.0,-34.89004,-56.1212
1 Dormitorio en Buceo,330000,,https://www.gallito.com.uy/casa-terreno-venta-buceo-montevideo-imasuy-rg-inmuebles-27466297,517.0,-34.88831,-56.12961
3 Dormitorios en Punta Gorda,335000,140.0,https://www.gallito.com.uy/parque-baroffio-2-plantas-3dorm-2baños-barbacoa-piscina-inmuebles-26622513,120.0,-34.88695,-56.08948
3 Dormitorios en Malvin,335000,170.0,https://www.gallito.com.uy/excelente-zona-todo-a-nuevo-amplia-luminosa-barbacoa-inmuebles-27229508,200.0,,
4 Dormitorios en Punta Gorda,340000,112.0,https://www.gallito.com.uy/casa-2-plantas-4-dormitorios-2-garage-parrillero-inmuebles-26150567,144.0,,
3 Dormitorios en Goes,340000,,https://www.gallito.com.uy/gran-propiedad-vivienda-o-empresa-inmuebles-27433981,500.0,-34.87972,-56.17808
3 Dormitorios en Atahualpa,340000,,https://www.gallito.com.uy/casa-en-venta-3-dormitorios-atahualpa-inmuebles-27543690,382.0,-34.91337,
3 Dormitorios en Carrasco Norte,348000,200.0,https://www.gallito.com.uy/casa-en-carrasco-norte-inmuebles-26664386,505.0,-34.88285,-56.08483
4 Dormitorios en Punta Carretas,349000,142.0,https://www.gallito.com.uy/vendo-casa-en-punta-carretas-4-dormitorios-2-baños-garaje-inmuebles-26755985,81.0,-34.9146,-56.1601
2 Dormitorios en Centro,350000,577.0,https://www.gallito.com.uy/venta-local-padron-con-excelente-ubicacion-centro-inmuebles-21015372,577.0,-34.90324,-56.19393
3 Dormitorios en Prado,350000,120.0,https://www.gallito.com.uy/ifer&olivera-americo-vespucio-y-v-benavidez-inmuebles-27144486,120.0,-34.86856,-56.19356
3 Dormitorios en Malvin,350000,204.0,https://www.gallito.com.uy/inversion-segura-actualmente-alquilada-con-excelente-inmuebles-27573338,307.0,-34.8926,-56.1192
3 Dormitorios en Carrasco Norte,350000,100.0,https://www.gallito.com.uy/gran-terreno-vivienda-o-proyectos-varios-inmuebles-23690227,1000.0,-34.87101,-56.06253
Más de 4 dormitorios en Prado,360000,250.0,https://www.gallito.com.uy/excelente-casa-pu-en-el-corazon-del-prado-inmuebles-23493724,199.0,-34.86709,-56.20538
3 Dormitorios en Carrasco,360000,125.0,https://www.gallito.com.uy/venta-casa-3-dormitorios-carrasco-jardin-con-parrillero-inmuebles-25735974,164.0,,
3 Dormitorios en Carrasco Norte,360000,113.0,https://www.gallito.com.uy/venta-casa-3-dormitorios-carrasco-tajes-y-lancasteriana-boa-inmuebles-25855280,113.0,,
3 Dormitorios en Parque Rodo,360000,114.0,https://www.gallito.com.uy/de-estilo-con-gran-localizacion-inmuebles-25919237,114.0,,
3 Dormitorios en Punta Carretas,360000,,https://www.gallito.com.uy/oportunidad-de-estilo-con-gran-localizacion-inmuebles-25089340,114.0,,
4 Dormitorios en Carrasco,360000,130.0,https://www.gallito.com.uy/hermosa-casa-con-jardin-al-frente-y-patio-con-parrillero-inmuebles-27245424,230.0,-34.87861,-56.06705
4 Dormitorios en Carrasco,367000,140.0,https://www.gallito.com.uy/venta-casa-ph-de-4-dormitorios-jardin-y-garage-en-carrasco-inmuebles-27565030,150.0,,
Más de 4 dormitorios en Malvin,368000,233.0,https://www.gallito.com.uy/casa-en-malvin-5-dormitorios-padron-unico-a-300m-de-la-inmuebles-27031445,404.0,-34.89423,-56.0979
3 Dormitorios en Cordon,375000,118.0,https://www.gallito.com.uy/casa-en-venta-3-dormitorios-en-cordon-con-garaje-inmuebles-27117944,118.0,-34.90109,-56.16894
4 Dormitorios en Lezica,380000,340.0,https://www.gallito.com.uy/excelente-propiedad-en-barrio-lezica-muy-buen-terreno-inmuebles-27378720,1475.0,-34.80714,-56.25644
Más de 4 dormitorios en Atahualpa,380000,132.0,https://www.gallito.com.uy/casa-en-venta-de-5-dormitorios-y-3-baños-c-garage-x-2-inmuebles-26242470,200.0,-34.85929,-56.18969
3 Dormitorios en Malvin,380000,130.0,https://www.gallito.com.uy/hermosa-casa-en-malvin-no-dude-en-llamar-inmuebles-26670730,180.0,-34.89415,-56.10301
4 Dormitorios en Pocitos Nuevo,390000,233.0,https://www.gallito.com.uy/casatroja-venta-casa-ph-en-pocitos-nuevo-inmuebles-25917531,233.0,,
Más de 4 dormitorios en Prado,390000,360.0,https://www.gallito.com.uy/casa-venta-5-habitaciones-prado-montevideo-imasuy-r-inmuebles-27363651,558.0,-34.87386,-56.20075
Más de 4 dormitorios en Jacinto Vera,395000,304.0,https://www.gallito.com.uy/sobre-br-artigas-padron-unico-de-633-metros-inmuebles-25795174,633.0,-34.87038,-56.17359
3 Dormitorios en Malvin,398000,220.0,https://www.gallito.com.uy/imperdible-para-entrar-grandes-ambientes-todo-reciclado-inmuebles-27155339,435.0,-34.893,-56.1175
Más de 4 dormitorios en Palermo,400000,275.0,https://www.gallito.com.uy/oportunidad-unica-en-palermo-barrio-sur-bajo-ley-vis-inmuebles-27190363,275.0,-34.90667,-56.18726
4 Dormitorios en Jacinto Vera,400000,485.0,https://www.gallito.com.uy/en-exclusividad-impecable-ideal-flia-numerosa-si-banco-inmuebles-27097460,483.0,,
Más de 4 dormitorios en Tres Cruces,400000,,https://www.gallito.com.uy/ideal-clinica-medica-o-similar-inmuebles-25089290,336.0,,
Más de 4 dormitorios en Brazo Oriental,405000,,https://www.gallito.com.uy/venta-dos-casas-en-mismo-padron-–-barrio-brazo-oriental-inmuebles-24986421,400.0,-34.86759,-56.17369
3 Dormitorios en Malvin,410000,,https://www.gallito.com.uy/casa-en-venta-malvã­n-inmuebles-27382917,339.0,-34.89107,-56.10586
3 Dormitorios en Carrasco Norte,420000,165.0,https://www.gallito.com.uy/excelente-oportunidad-inmuebles-26505032,813.0,-34.8727,-56.05596
3 Dormitorios en Prado,430000,,https://www.gallito.com.uy/hermosa-casa-sobre-islas-canarias-esq-castro-inmuebles-26410240,845.0,-34.91337,
3 Dormitorios en Prado,435000,,https://www.gallito.com.uy/importante-residencia-sobre-bulevar-artigas-inmuebles-26869814,242.0,,
4 Dormitorios en Prado,435000,242.0,https://www.gallito.com.uy/importante-residencia-sobre-bulevar-artigas-inmuebles-26848546,242.0,,
Más de 4 dormitorios en Prado,440000,566.0,https://www.gallito.com.uy/venta-casa-empresa-prado-l-a-de-herrera-inmuebles-27511216,566.0,-34.86154,-56.18537
Más de 4 dormitorios en Carrasco,445000,265.0,https://www.gallito.com.uy/oportunidad-2-casas-en-padron-unico-carrasco-inmuebles-26917794,750.0,-34.87186,-56.06897
1 Ambiente en Ciudad Vieja,450000,607.0,https://www.gallito.com.uy/venta-edificio-ciudad-vieja-excelente-ubicacion-inmuebles-23800174,607.0,-34.90562,-56.21036
4 Dormitorios en Punta Gorda,450000,192.0,https://www.gallito.com.uy/casa-en-venta-de-4-dormitorios-c-cochera-en-punta-gorda-inmuebles-27352782,375.0,-34.89217,-56.08775
3 Dormitorios en Ciudad Vieja,450000,289.0,https://www.gallito.com.uy/venta-gran-padron-ciudad-vieja-oportunidad-inversion-inmuebles-20655560,947.0,-34.90509,-56.20046
3 Dormitorios en Malvin,450000,140.0,https://www.gallito.com.uy/chalet-p-unico-una-planta-fondo-barbacoa-jardin-inmuebles-27245814,340.0,,
3 Dormitorios en Prado,480000,,https://www.gallito.com.uy/oficina-sosa-excelente-ubicaciã³n-en-el-prado-casa-padrã³-inmuebles-26055865,386.0,-34.86123,-56.1961
4 Dormitorios en Punta Carretas,487000,155.0,https://www.gallito.com.uy/venta-casa-4-dormitorios-3-baño-garaje-punta-carretas-inmuebles-27406049,177.0,-34.91999,-56.16105
3 Dormitorios en Prado,495000,281.0,https://www.gallito.com.uy/ifer&olivera-suarez-prox-jc-blanco-inmuebles-26505055,281.0,-34.86592,-56.19588
4 Dormitorios en Prado,495000,334.0,https://www.gallito.com.uy/venta-elegante-y-completa-propiedad-inmuebles-27478260,486.0,,
4 Dormitorios en Pocitos,498000,201.0,https://www.gallito.com.uy/confortable-ph-mayoritaria-inmuebles-27535310,578.0,-34.90848,-56.15113
4 Dormitorios en Buceo,540000,283.0,https://www.gallito.com.uy/venta-hermosa-propiedad-en-buceo-inmuebles-27369963,570.0,,
3 Dormitorios en Carrasco,540000,250.0,https://www.gallito.com.uy/dueño-vende-calido-chalet-en-casco-antiguo-de-carrasco-sur-inmuebles-27388260,412.0,-34.90721,-56.19027
4 Dormitorios en Punta Carretas,547000,159.0,https://www.gallito.com.uy/venta-de-casa-de-4-dormitorios-3-baños-y-2-garajes-en-punt-inmuebles-27544587,375.0,-34.92624,-56.16123
4 Dormitorios en Punta Carretas,550000,399.0,https://www.gallito.com.uy/casa-en-venta-de-4-dormitorios-c-cochera-en-punta-carretas-inmuebles-27514448,399.0,-34.91786,-56.16589
1 Ambiente en Union,550000,418.0,https://www.gallito.com.uy/casa-sobre-avenida-con12-habitaciones-inmuebles-27143183,486.0,-34.87276,-56.13617
2 Dormitorios en Punta Gorda,555000,160.0,https://www.gallito.com.uy/casa-de-revista-en-lo-mejor-de-punta-gorda-inmuebles-26743821,305.0,,
3 Dormitorios en Ciudad Vieja,570000,169.0,https://www.gallito.com.uy/casatroja-venta-casa-en-ciudad-vieja-inmuebles-21415774,169.0,,
Más de 4 dormitorios en Punta Gorda,575000,281.0,https://www.gallito.com.uy/casatroja-venta-casa-sobre-la-rambla-inmuebles-22232740,419.0,,
4 Dormitorios en Carrasco,580000,,https://www.gallito.com.uy/casa-en-venta-carrasco-sur-inmuebles-27485576,1.0,-34.88253,-56.04039
3 Dormitorios en Carrasco,590000,156.0,https://www.gallito.com.uy/casa-en-venta-en-carrasco-sur-inmuebles-26118112,192.0,,
4 Dormitorios en Parque Batlle,590000,300.0,https://www.gallito.com.uy/gran-propiedad-a-mts-del-parque-villa-dolores-inmuebles-27107468,372.0,,
3 Dormitorios en Pocitos,595000,222.0,https://www.gallito.com.uy/espectacular-casa-reciclada-en-inmejorable-zona-de-pocitos-inmuebles-25668247,128.0,-34.91388,-56.15144
Más de 4 dormitorios en Buceo,600000,324.0,https://www.gallito.com.uy/venta-casa-3-apartamentos-buceo-ideal-inversor-con-renta-inmuebles-25683227,487.0,-34.89188,-56.12765
3 Dormitorios en Punta Gorda,600000,300.0,https://www.gallito.com.uy/venta-y-alquiler-casa-3-dormitorios-serv-punta-gorda-ciu-inmuebles-25804213,300.0,,
3 Dormitorios en Punta Gorda,610000,249.0,https://www.gallito.com.uy/impecable-casa-en-punta-gorda-a-3-de-rambla-y-1-de-av-rive-inmuebles-25820610,249.0,,
Más de 4 dormitorios en Punta Gorda,640000,270.0,https://www.gallito.com.uy/hermosa-aca-en-punta-gorda-no-dude-en-llamar-inmuebles-26676518,510.0,-34.89266,-56.07845
Más de 4 dormitorios en Pocitos,645000,440.0,https://www.gallito.com.uy/casona-en-2-plantas-br-españa-y-franzini-inmuebles-27374038,440.0,-34.91286,-56.15902
Más de 4 dormitorios en Punta Gorda,650000,269.0,https://www.gallito.com.uy/diri-unica-mar-mediterraneo-cpiscina-y-mirador-inmuebles-22806360,1124.0,-34.89665,-56.08255
Más de 4 dormitorios en Malvin,650000,,https://www.gallito.com.uy/solida-casa-6-dorm-piscina-mejores-ubicaciones-de-malvin-inmuebles-27434822,435.0,-34.88926,-56.10495
Más de 4 dormitorios en Prado,690000,329.0,https://www.gallito.com.uy/oporturnidad-en-la-mejor-esq-del-prado-suarez-y-l-a-de-h-inmuebles-27224935,612.0,-34.85814,-56.19645
Más de 4 dormitorios en Pocitos,690000,500.0,https://www.gallito.com.uy/casa-en-venta-en-pocitos-emblematica-esquina-gran-recepcion-inmuebles-14587757,500.0,-34.91414,-56.15251
Más de 4 dormitorios en Punta Gorda,705000,758.0,https://www.gallito.com.uy/casa-en-punta-gorda-inmuebles-25241950,334.0,-34.89616,-56.07903
4 Dormitorios en Punta Gorda,720000,334.0,https://www.gallito.com.uy/casa-en-esquina-ideal-familia-numerosa-o-empresa-inmuebles-26384712,750.0,-34.89619,-56.07886
4 Dormitorios en Prado,720000,250.0,https://www.gallito.com.uy/zona-residencial-de-estilo-inmuebles-27050315,507.0,,
Más de 4 dormitorios en Parque Batlle,750000,365.0,https://www.gallito.com.uy/diri-br-artigas-prox-tres-cruces-ex-clinica-365m2-inmuebles-25233625,365.0,-34.89979,-56.1644
Más de 4 dormitorios en Parque Batlle,750000,235.0,https://www.gallito.com.uy/proximo-a-ponce-y-bosh-fondo-barbacoa-5-dorm-serv-inmuebles-25828171,405.0,-34.90061,-56.15903
4 Dormitorios en Pocitos,765000,265.0,https://www.gallito.com.uy/casa-de-4-dormitorios-calle-de-casas-de-ensueño-cerca-inmuebles-27553044,365.0,-34.90737,-56.13911
3 Dormitorios en Carrasco,820000,186.0,https://www.gallito.com.uy/casa-en-venta-carrasco-sur-inmuebles-24486985,210.0,,
4 Dormitorios en Prado,850000,287.0,https://www.gallito.com.uy/casatroja-venta-increible-casa-en-el-prado-inmuebles-27575837,1972.0,,
Más de 4 dormitorios en Pocitos,850000,,https://www.gallito.com.uy/venta-casa-7-dormitorios-pocitos-cochera-5-baã±os-inmuebles-25868457,379.0,,
3 Dormitorios en Carrasco,850000,195.0,https://www.gallito.com.uy/venta-casa-carrasco-3-dorm-3-baños-parrillero-garaje-inmuebles-26416439,195.0,,
3 Dormitorios en Otro,890000,272.0,https://www.gallito.com.uy/muy-bien-ubicada-con-gran-terreno-inmuebles-26504151,900.0,,
4 Dormitorios en Punta Carretas,890000,218.0,https://www.gallito.com.uy/casatroja-venta-casa-punta-carretas-4-dormitorios-inmuebles-24134208,260.0,,
4 Dormitorios en Carrasco,890000,300.0,https://www.gallito.com.uy/venta-casa-a-reciclar-carrasco-1814m2-terreno-inmuebles-26442966,1814.0,-34.8788,-56.06244
Más de 4 dormitorios en Centro,910000,801.0,https://www.gallito.com.uy/venta-casa-6-dormitorios-y-gran-local-comercial-centro-ex-inmuebles-21042778,801.0,-34.90419,-56.19382
4 Dormitorios en Pocitos,930000,235.0,https://www.gallito.com.uy/venta-casa-4-dormitorios-jardin-piscina-parrillero-pocitos-inmuebles-26889724,304.0,-34.91032,-56.15503
