desc,valor,metraje,url
3 Dormitorios en Aires Puros,$U 190.000,110,https://www.gallito.com.uy/excelente-garaje-2-autos-jaridn-fondo-piscina-parrillero-inmuebles-22201433
3 Dormitorios en Prado,U$S 15.500,100,https://www.gallito.com.uy/gran-oportunidad-inmuebles-21289775
3 Dormitorios en Villa Española,U$S 38.000,150,https://www.gallito.com.uy/casa-3-dormitorios-con-patio-usd-38000-mas-saldo-anv-inmuebles-21842818
2 Dormitorios en La Teja,U$S 39.900,60,https://www.gallito.com.uy/economica-con-terreno-cochera-y-galpon-inmuebles-20427489
2 Dormitorios en Colon,U$S 45.000,50,https://www.gallito.com.uy/oficina-sosa-proximo-a-av-lezica-casa-en-ph-al-fondo-sobr-inmuebles-20974900
4 Dormitorios en Cerrito,U$S 45.000,97,https://www.gallito.com.uy/oportunidad-casa-de-4-dormitorios-a-reparar-en-cerrito-inmuebles-17825081
1 Dormitorio en Villa Española,U$S 48.000,39,https://www.gallito.com.uy/oficina-sosa-apto-1-dorm-en-mercado-modelo-alquilado-inmuebles-17795367
2 Dormitorios en La Teja,U$S 48.000,50,https://www.gallito.com.uy/casa-a-1-cuadra-de-la-avenida-inmuebles-20260958
2 Dormitorios en J. Hipodromo,U$S 50.000,70,https://www.gallito.com.uy/casa-en-venta-jardines-del-hipodromo-lars-inmuebles-21036475
2 Dormitorios en Union,U$S 50.000,50,https://www.gallito.com.uy/gran-oportunidad-vende-casita-al-frente-inmuebles-21115138
1 Dormitorio en Cerrito,U$S 53.000,33,https://www.gallito.com.uy/baldovino-cerrito-tobas-proximo-antel-arena-inmuebles-22011006
1 Dormitorio en Perez Castellanos,U$S 53.000,33,https://www.gallito.com.uy/perez-castellanos-tobas-proximo-al-antel-arena-inmuebles-22011059
2 Dormitorios en Prado,U$S 55.000,57,https://www.gallito.com.uy/oficina-sosa-apto-en-molinos-de-raffo-y-ma-orticochea-inmuebles-19827404
3 Dormitorios en Cerro,U$S 55.000,,https://www.gallito.com.uy/casa-3-dormitorios-y-patio-inmuebles-21922158
1 Dormitorio en Aires Puros,U$S 56.500,40,https://www.gallito.com.uy/oficina-sosa-corneille-y-zubiria-ideal-renta-o-vivienda-inmuebles-22185440
2 Dormitorios en Cerro,U$S 57.000,50,https://www.gallito.com.uy/coqueta-casa-en-el-cerro-inmuebles-17520740
2 Dormitorios en Maroñas,U$S 58.000,51,https://www.gallito.com.uy/venta-ph-2-dormitorios-jardin-cochera-parrillero-inmuebles-20765648
2 Dormitorios en La Teja,U$S 58.000,110,https://www.gallito.com.uy/cesion-de-derechos-inscripta-inmuebles-20380776
3 Dormitorios en Paso De La Arena,U$S 58.000,85,https://www.gallito.com.uy/casa-con-terreno-a-1-cuadra-de-tomkinson-inmuebles-20278186
2 Dormitorios en Cerrito,U$S 60.000,51,https://www.gallito.com.uy/baldovino-cerrito-de-la-victoria-tobas-proxantel-arena-inmuebles-22140247
2 Dormitorios en Cerro,U$S 60.000,70,https://www.gallito.com.uy/patagonia-se-vende-casa-alquilada-por-anda-inmuebles-22257766
2 Dormitorios en Nuevo Paris,U$S 61.000,80,https://www.gallito.com.uy/excelente-casa-sobre-calle-julian-laguna-inmuebles-21709063
2 Dormitorios en Piedras Blancas,U$S 62.000,50,https://www.gallito.com.uy/venta-casa-2-dormitorios-galpon-piedras-blancas-inmuebles-21902606
2 Dormitorios en La Teja,U$S 62.000,70,https://www.gallito.com.uy/casa-a-reciclar-en-excelente-punto-a-1-de-la-avenida-inmuebles-20812967
2 Dormitorios en La Teja,U$S 65.000,40,https://www.gallito.com.uy/casita-economica-en-la-teja-excelente-ubicacion-inmuebles-20681210
2 Dormitorios en Belvedere,U$S 65.000,60,https://www.gallito.com.uy/ideal-para-invertir-casa-en-belvedere-2dorm-parrillero-patio-inmuebles-22265055
3 Dormitorios en Lezica,U$S 65.000,63,https://www.gallito.com.uy/dueños-venden-duplex-en-complejo-12-de-octubre-inmuebles-21904516
2 Dormitorios en La Teja,U$S 65.000,158,https://www.gallito.com.uy/rebajado-oportunidad-4-casas-en-un-padron-inmuebles-21863494
2 Dormitorios en La Teja,U$S 65.000,158,https://www.gallito.com.uy/rebajado-oportunidad-4-casas-en-un-padron-inmuebles-21964179
1 Dormitorio en La Teja,U$S 65.000,94,https://www.gallito.com.uy/casa-y-2-apartamentos-inmuebles-20858940
3 Dormitorios en Paso De La Arena,U$S 65.000,133,https://www.gallito.com.uy/casa-con-cochera-y-fondo-inmuebles-18086957
1 Dormitorio en Sayago,U$S 66.000,35,https://www.gallito.com.uy/casablanca-ph-al-fondo-independiente-inmuebles-21211561
3 Dormitorios en Las Acacias,U$S 67.000,70,https://www.gallito.com.uy/bajo-de-precio-padron-unico-inmuebles-17516457
2 Dormitorios en Cerrito,U$S 68.000,51,https://www.gallito.com.uy/venta-de-casa-cerrito-2-dormitorios-garaje-y-jardin-inmuebles-20887863
3 Dormitorios en Union,U$S 68.000,110,https://www.gallito.com.uy/oportunidad-casa-financiada-3-dorm-en-venta-en-la-union-inmuebles-21944844
2 Dormitorios en Cerro,U$S 68.000,81,https://www.gallito.com.uy/linda-casa-en-chile-esq-viacaba-inmuebles-21909547
1 Dormitorio en La Comercial,U$S 68.000,60,https://www.gallito.com.uy/casa-duplex-1-dormitorio-en-venta-renta-la-comercial-inmuebles-18717055
2 Dormitorios en Paso De La Arena,U$S 70.000,70,https://www.gallito.com.uy/tomkinson-500-metros-de-terreno-con-casa-de-2-dormitorios-inmuebles-20583980
2 Dormitorios en Cerrito,U$S 70.000,55,https://www.gallito.com.uy/venta-casa-2-dorm-patio-cochera-inmuebles-22120669
3 Dormitorios en Colon,U$S 73.000,114,https://www.gallito.com.uy/casa-con-cochera-fondo-y-barbacoa-acepta-banco-inmuebles-21551933
Más de 4 dormitorios en Goes,U$S 280.000,360,https://www.gallito.com.uy/casa-de-4-dormitorios-con-patio-garaje-y-barbacoa-inmuebles-20173769
3 Dormitorios en Cordon,U$S 280.000,182,https://www.gallito.com.uy/venta-casa-cordon-inmuebles-22185083
3 Dormitorios en Malvin,U$S 280.000,110,https://www.gallito.com.uy/exclusiva-padron-unico-a-metros-de-rambla-inmuebles-22283966
2 Dormitorios en Carrasco,U$S 280.000,133,https://www.gallito.com.uy/en-carrasco-excelente-y-amplia-casa-moderna-impecable-inmuebles-21993919
4 Dormitorios en Cordon,U$S 280.000,210,https://www.gallito.com.uy/casa-parque-rodo-4-dorm-ofic-4-baños-garaje-inmuebles-20384650
Más de 4 dormitorios en Tres Cruces,U$S 280.000,360,https://www.gallito.com.uy/casa-de-4-dormitorios-con-patio-garaje-y-barbacoa-inmuebles-21465754
4 Dormitorios en Atahualpa,U$S 280.000,205,https://www.gallito.com.uy/muy-linda-y-excelente-ubicacion-chalet-de-tejas-2-plantas-inmuebles-15587908
3 Dormitorios en Malvin,U$S 285.000,140,https://www.gallito.com.uy/hermosa-pronta-para-ocupar-en-excelente-ubicacion-nueva-inmuebles-21281378
3 Dormitorios en Pocitos,U$S 285.000,100,https://www.gallito.com.uy/casa-pocitos-3-dormitorios-y-garaje-inmuebles-19870416
2 Dormitorios en La Blanqueada,U$S 289.000,107,https://www.gallito.com.uy/casa-sobre-av-reciclada-a-nuevo-gge-jardin-y-barbacoa-inmuebles-21284778
3 Dormitorios en Malvin,U$S 290.000,197,https://www.gallito.com.uy/casa-en-venta-malvin-inmuebles-21597243
3 Dormitorios en Prado,U$S 290.000,160,https://www.gallito.com.uy/lo-que-no-hay-1-sola-planta-con-todas-las-comodidades-inmuebles-21492079
2 Dormitorios en La Blanqueada,U$S 290.000,194,https://www.gallito.com.uy/a-la-venta-oferta-casa-barbacoa-apto-la-blanqueada-inmuebles-15924261
4 Dormitorios en Pocitos,U$S 290.000,118,https://www.gallito.com.uy/casa-en-pocitos-4-dormitorios-2-baños-con-garaje-y-parri-inmuebles-21451821
3 Dormitorios en Malvin,U$S 290.000,127,https://www.gallito.com.uy/duplex-3-dorm-3-baños-garaje-patio-parrillero-inmuebles-20207856
Más de 4 dormitorios en Nuevo Paris,U$S 290.000,350,https://www.gallito.com.uy/venta-2-casas-nuevo-paris-1400mts2-6-dorm-2-pisc-inmuebles-21868639
3 Dormitorios en Cordon,U$S 293.000,207,https://www.gallito.com.uy/tres-cruces-a-pasos-padron-unico-vivienda-o-construir-inmuebles-18079113
3 Dormitorios en Parque Rodo,U$S 294.000,123,https://www.gallito.com.uy/espectacular-ph-en-parque-rodo3-dormitoriosparrillero-inmuebles-22054877
3 Dormitorios en Reducto,U$S 295.000,156,https://www.gallito.com.uy/hermoso-reciclaje-a-pasos-del-prado-muy-buena-construccion-inmuebles-21284601
Más de 4 dormitorios en Prado,U$S 295.000,190,https://www.gallito.com.uy/sobre-islas-canarias-esquina-castro-excelente-metraje-inmuebles-20388931
3 Dormitorios en Sayago,U$S 295.000,168,https://www.gallito.com.uy/casa-unica-e-inigualable-en-calidad-constructiva-094082543-inmuebles-19833075
Más de 4 dormitorios en Atahualpa,U$S 295.000,160,https://www.gallito.com.uy/excelente-padron-unico-en-el-corazon-de-atahualpa-inmuebles-21274641
3 Dormitorios en Cerrito,U$S 297.000,,https://www.gallito.com.uy/muy-buena-casa-con-predio-inmuebles-21863282
3 Dormitorios en Perez Castellanos,U$S 297.000,174,https://www.gallito.com.uy/muy-buena-casa-en-gran-predio-inmuebles-21797823
3 Dormitorios en Prado,U$S 298.000,161,https://www.gallito.com.uy/venta-casa-3-dormotiros-3-baños-fondo-verde-lugar-para-auto-inmuebles-21780714
3 Dormitorios en Palermo,U$S 298.000,154,https://www.gallito.com.uy/dueño-vende-hermosa-casa-en-dos-plantas-en-palermo-inmuebles-21902825
3 Dormitorios en Brazo Oriental,U$S 298.000,200,https://www.gallito.com.uy/berlasi-muy-buena-casa-ideal-2-familias-prox-l-a-de-herrera-inmuebles-22096226
3 Dormitorios en Jacinto Vera,U$S 299.000,114,https://www.gallito.com.uy/casa-de-3-dormitorios-2-baños-garage-barbacoa-nuevocentro-inmuebles-20964621
4 Dormitorios en Prado,U$S 299.000,93,https://www.gallito.com.uy/venta-casa-prado-4-dormitorios-san-felipe-y-santiago-inmuebles-15798206
Más de 4 dormitorios en Prado,U$S 299.900,350,https://www.gallito.com.uy/hermosa-casa-frente-al-parque-inmuebles-21926102
4 Dormitorios en Prado,U$S 300.000,201,https://www.gallito.com.uy/venta-casa-3-4-dormitorios-2-baños-garage-fondo-verde-inmuebles-21973071
Más de 4 dormitorios en Prado,U$S 300.000,352,https://www.gallito.com.uy/casa-en-el-prado-sobre-19-de-abril-clinica-empresa-inmuebles-19971919
3 Dormitorios en Pocitos,U$S 300.000,137,https://www.gallito.com.uy/casatroja-venta-casa-pocitos-3-dormitorios-inmuebles-22037749
Más de 4 dormitorios en Prado,U$S 300.000,352,https://www.gallito.com.uy/casablanca-pu-a-pasos-de-agraciada-inmuebles-18917694
3 Dormitorios en Puerto Buceo,U$S 305.000,120,https://www.gallito.com.uy/casa-puerto-buceo-inmuebles-21759430
3 Dormitorios en La Blanqueada,U$S 307.000,220,https://www.gallito.com.uy/casa-3-dormitorios-garage-fondo-parrillero-la-blanqueada-inmuebles-22210657
3 Dormitorios en Jacinto Vera,U$S 310.000,120,https://www.gallito.com.uy/venta-casa-jacinto-vera-inmuebles-20835764
3 Dormitorios en Prado,U$S 310.000,140,https://www.gallito.com.uy/casa-1-planta-3-dormit-2bañ-cochx3-barbacoa-fondo-p-unico-inmuebles-21842942
Más de 4 dormitorios en Prado,U$S 310.000,195,https://www.gallito.com.uy/casablanca-hermoso-reciclaje-ideal-familia-numerosa-inmuebles-20813089
4 Dormitorios en Pocitos,U$S 310.000,156,https://www.gallito.com.uy/venta-casa-padron-unico-4-dorm-2-baños-pocitos-inmuebles-21684466
3 Dormitorios en Otro,U$S 45.000,61,https://www.gallito.com.uy/venta-de-apartamento-con-3-dormitorios-en-piedras-blancas-inmuebles-22225314
1 Ambiente en Peñarol,U$S 45.000,,https://www.gallito.com.uy/vendo-terreno-con-mejoras-inmuebles-22249171
1 Dormitorio en Lezica,U$S 45.000,,https://www.gallito.com.uy/tipo-casita-al-fdo-camplio-terreno-inmuebles-18734888
1 Dormitorio en Jacinto Vera,U$S 45.000,40,https://www.gallito.com.uy/casa-1-dorm-1-baño-entrepiso-inmuebles-22023795
4 Dormitorios en Villa Española,U$S 45.000,97,https://www.gallito.com.uy/ideal-inversion-con-renta-proximo-antel-arena-inmuebles-20427112
2 Dormitorios en Punta Rieles,U$S 45.000,600,https://www.gallito.com.uy/casas-en-punta-rieles-en-el-mismo-padron-cod-306-inmuebles-21993407
2 Dormitorios en Colon,U$S 45.000,70,https://www.gallito.com.uy/casa-en-venta-a-media-cuadra-de-av-garzon-inmuebles-20418602
1 Dormitorio en Cerrito,U$S 45.000,41,https://www.gallito.com.uy/casa-sobre-estanislao-vega-prox-av-burgues-inmuebles-16860179
2 Dormitorios en Prado,U$S 46.500,45,https://www.gallito.com.uy/casas-venta-montevideo-prado-inmuebles-22277460
1 Dormitorio en Capurro,U$S 47.642,38,https://www.gallito.com.uy/venta-casa-tipo-duplex-de-1-dormitorio-en-capurro-inmuebles-21178019
2 Dormitorios en Cerrito,U$S 48.000,65,https://www.gallito.com.uy/al-frente-con-cochera-1-o-2-autos-inmuebles-22284057
2 Dormitorios en Cno. Maldonado,U$S 48.000,,https://www.gallito.com.uy/calle-orion-ruta-8-km-21-inmuebles-21862280
4 Dormitorios en Bella Vista,U$S 48.000,160,https://www.gallito.com.uy/dos-propiedades-al-precio-de-una-super-oportunidadbel-inmuebles-22211277
1 Dormitorio en Buceo,U$S 48.000,42,https://www.gallito.com.uy/para-inversion-o-vivienda-venta-1-dormitorio-jardin-y-inmuebles-21261995
2 Dormitorios en Maroñas,U$S 48.000,54,https://www.gallito.com.uy/casa-2-dorm-en-calle-areguati-y-puntas-de-soto-inmuebles-15916421
2 Dormitorios en Maroñas,U$S 48.000,50,https://www.gallito.com.uy/vendo-apartamento-de-2-dormitorios-y-patio-maroñas-inmuebles-21999017
2 Dormitorios en Aires Puros,U$S 48.000,,https://www.gallito.com.uy/vendo-casa-a-terminar-o-terminada-inmuebles-21506902
2 Dormitorios en Las Acacias,U$S 48.000,160,https://www.gallito.com.uy/casa-en-venta-ideal-renta-las-acacias-inmuebles-18714095
2 Dormitorios en La Teja,U$S 48.000,65,https://www.gallito.com.uy/oportunidad-casa-mas-apartamento-inmuebles-21873912
2 Dormitorios en La Teja,U$S 48.000,32,https://www.gallito.com.uy/terreno-mas-casa-a-reciclar-en-la-teja-inmuebles-20655493
2 Dormitorios en Colon,U$S 49.000,50,https://www.gallito.com.uy/casa-tipo-duplex-en-venta-en-colon-inmuebles-14543267
3 Dormitorios en Casabo,U$S 49.000,53,https://www.gallito.com.uy/casa-en-casabo-3-dormitorios-parada-de-bus-en-la-esquin-inmuebles-21240088
3 Dormitorios en Lezica,U$S 49.500,73,https://www.gallito.com.uy/venta-casa-en-lezica-inmuebles-21998229
2 Dormitorios en Manga,U$S 50.000,60,https://www.gallito.com.uy/bernardo-berro-y-estrella-polar-inmuebles-17028538
3 Dormitorios en Cerro,U$S 50.000,,https://www.gallito.com.uy/venta-casa-cerro-montevideo-imasuy-a-inmuebles-22101954
2 Dormitorios en Maroñas,U$S 50.000,,https://www.gallito.com.uy/marcos-salcedo-casi-manuel-acuña-flor-de-maroñas-inmuebles-21477246
1 Dormitorio en Manga,U$S 50.000,42,https://www.gallito.com.uy/excelente-casa-con-jadrin-y-parrillero-acepta-bco-inmuebles-20040532
3 Dormitorios en Union,U$S 50.000,90,https://www.gallito.com.uy/oportunidad-inversor-casa-a-reciclar-union-padron-168-m2-inmuebles-21759268
1 Dormitorio en Villa Muñoz,U$S 50.000,50,https://www.gallito.com.uy/inversores-actualmente-esta-alquilada-se-vende-con-renta-inmuebles-20423761
2 Dormitorios en Nuevo Paris,U$S 50.000,60,https://www.gallito.com.uy/refor-vende-casa-en-nuevo-paris-inmuebles-20766205
3 Dormitorios en Aires Puros,U$S 50.000,60,https://www.gallito.com.uy/venta-casa-3d-fondo-parrillero-ituzaingo-inmuebles-21569872
3 Dormitorios en La Teja,U$S 50.000,80,https://www.gallito.com.uy/venta-casa-la-teja-montevideo-imasuy-a-inmuebles-21443003
3 Dormitorios en Peñarol,U$S 50.000,66,https://www.gallito.com.uy/casa-en-venta-3-dormitorios-peñarol-inmuebles-22276985
1 Dormitorio en Union,U$S 50.000,,https://www.gallito.com.uy/casa-tipo-apartamento-en-la-union-inmuebles-21335017
1 Dormitorio en Union,U$S 50.000,,https://www.gallito.com.uy/casa-tipo-apartamento-en-la-union-inmuebles-21542333
3 Dormitorios en La Teja,U$S 50.000,470,https://www.gallito.com.uy/venta-casa-3-dormitorios-a-reciclar-la-teja-inmuebles-21165075
2 Dormitorios en Belvedere,U$S 50.000,,https://www.gallito.com.uy/casa-en-venta-en-belvedere-inmuebles-21820772
3 Dormitorios en Paso De La Arena,U$S 50.000,80,https://www.gallito.com.uy/venta-casa-cerro-montevideo-imasuy-a-inmuebles-21443007
2 Dormitorios en La Teja,U$S 50.000,100,https://www.gallito.com.uy/casa-de-2-dormitorios-en-la-teja-inmuebles-21998215
2 Dormitorios en Sayago,U$S 50.000,70,https://www.gallito.com.uy/casa-en-venta-en-conciliacion-inmuebles-18646910
2 Dormitorios en Lezica,U$S 85.000,70,https://www.gallito.com.uy/casa-en-venta-barrio-lezica-inmuebles-15937759
3 Dormitorios en Reducto,U$S 85.000,70,https://www.gallito.com.uy/venta-casa-a-reciclar-3-dormitorios-reducto-inmuebles-21511301
1 Dormitorio en Prado,U$S 85.000,,https://www.gallito.com.uy/casa-en-venta-1-dormitorio-1-baã±o-patio-maria-orti-inmuebles-22232886
2 Dormitorios en Jacinto Vera,U$S 85.000,100,https://www.gallito.com.uy/excelente-oportunidad-casa-en-la-comerical-inmuebles-21951138
3 Dormitorios en La Teja,U$S 85.000,,https://www.gallito.com.uy/refor-alquila-casa-en-pueblo-victoria-inmuebles-21507082
3 Dormitorios en Reducto,U$S 85.000,70,https://www.gallito.com.uy/venta-casa-3-dormitorios-cochera-reducto-imasuy-m-inmuebles-22238247
3 Dormitorios en Jacinto Vera,U$S 85.000,70,https://www.gallito.com.uy/venta-de-casa-de-70m2-en-jacinto-vera-inmuebles-21515936
2 Dormitorios en Piedras Blancas,U$S 85.000,120,https://www.gallito.com.uy/venta-casa-2-dormitorios-piedras-blancas-inmuebles-21591076
2 Dormitorios en Punta Rieles,U$S 85.000,,https://www.gallito.com.uy/vende-casa-para-reciclar-padrã³n-ãnico-de-516-m2-casi-inmuebles-22298481
1 Dormitorio en Brazo Oriental,U$S 85.000,60,https://www.gallito.com.uy/con-rentaproximo-nuevo-centro-andres-lamas-y-labandeira-inmuebles-13917775
3 Dormitorios en Belvedere,U$S 85.000,78,https://www.gallito.com.uy/va930-venta-casa-3-dorm-en-belvedere-azotea-transitable-inmuebles-21563393
3 Dormitorios en Bella Vista,U$S 85.000,70,https://www.gallito.com.uy/venta-casa-3-dormitorios-cochera-bella-vista-imasuy-m-inmuebles-22238708
2 Dormitorios en La Teja,U$S 85.000,45,https://www.gallito.com.uy/refor-vende-casa-en-la-teja-inmuebles-21719196
2 Dormitorios en Cerrito,U$S 85.000,,https://www.gallito.com.uy/casa-en-venta-2-dormitorios-1-baã±o-azotea-av-gral-inmuebles-22174304
3 Dormitorios en Jacinto Vera,U$S 85.000,73,https://www.gallito.com.uy/oportunidad-casa-3dorm-a-reciclar-jacinto-vera-inmuebles-21123339
2 Dormitorios en Villa Española,U$S 85.000,80,https://www.gallito.com.uy/casa-en-venta-inmuebles-22060285
3 Dormitorios en Belvedere,U$S 85.000,70,https://www.gallito.com.uy/venta-casa-3-dormitorios-belvedere-inmuebles-21836989
1 Ambiente en Carrasco Norte,U$S 85.000,30,https://www.gallito.com.uy/casa-en-la-cruz-de-carrasco-norte-1-ambiente-gran-terreno-inmuebles-20029689
Más de 4 dormitorios en Piedras Blancas,U$S 85.000,112,https://www.gallito.com.uy/venta-casa-de-4-dormitorios-en-piedras-blancas-amplio-te-inmuebles-22152350
2 Dormitorios en Nuevo Paris,U$S 85.000,534,https://www.gallito.com.uy/refor-vende-casa-en-nuevo-paris-inmuebles-17110788
1 Dormitorio en Reducto,U$S 85.000,63,https://www.gallito.com.uy/ifer&olivera-zapican-es-gral-e-martinez-inmuebles-19761362
3 Dormitorios en Sayago,U$S 85.000,68,https://www.gallito.com.uy/al1087-venta-casa-3-dorm-sayago-cgaraje-inmuebles-21596899
1 Ambiente en Goes,U$S 85.000,103,https://www.gallito.com.uy/oportunidad-ideal-inversores-casa-en-padron-unico-exc-inmuebles-20894514
3 Dormitorios en Colon,U$S 85.000,153,https://www.gallito.com.uy/vendo-oportunidad-2-casas-en-un-mismo-padron-inmuebles-21920877
2 Dormitorios en Piedras Blancas,U$S 85.000,112,https://www.gallito.com.uy/venta-casa-de-2-dormitorios-en-piedras-blancas-con-garaje-inmuebles-22152351
2 Dormitorios en Perez Castellanos,U$S 85.000,66,https://www.gallito.com.uy/casa-independiente-al-frente-inmuebles-21556702
4 Dormitorios en Ituzaingo,U$S 85.000,,https://www.gallito.com.uy/se-vende-casa-y-apartamento-inmuebles-20941654
3 Dormitorios en Perez Castellanos,U$S 85.000,,https://www.gallito.com.uy/casa-en-venta-con-renta-3-dormitorios-1-baã±o-cochera-corum-inmuebles-19071481
2 Dormitorios en Sayago,U$S 85.000,48,https://www.gallito.com.uy/casa-con-renta-cexcel-terminaciones-cochera-parrillero-inmuebles-14375454
1 Dormitorio en Cerrito,U$S 85.000,,https://www.gallito.com.uy/hermoso-apartamento-en-venta-cerrito-inmuebles-22134754
3 Dormitorios en Goes,U$S 85.500,91,https://www.gallito.com.uy/venta-casa-goes-montevideo-imasuy-ip-inmuebles-22059941
3 Dormitorios en La Comercial,U$S 85.500,91,https://www.gallito.com.uy/venta-casa-la-comercial-montevideo-imasuy-ip-inmuebles-22059942
3 Dormitorios en Aguada,U$S 85.500,,https://www.gallito.com.uy/venta-casa-aguada-montevideo-imasuy-ip-inmuebles-22292369
3 Dormitorios en Reducto,U$S 85.500,91,https://www.gallito.com.uy/venta-casa-reducto-montevideo-imasuy-ip-inmuebles-22059935
4 Dormitorios en Tres Cruces,U$S 86.000,100,https://www.gallito.com.uy/gran-casona-en-tres-cruces-100-mt-inmuebles-21998194
2 Dormitorios en Ituzaingo,U$S 86.000,55,https://www.gallito.com.uy/casa-en-venta-de-2-dormitorios-ituzaingo-excelente-estado-inmuebles-21126981
2 Dormitorios en La Blanqueada,U$S 86.000,68,https://www.gallito.com.uy/casa-en-planta-baja-con-patio-y-azotea-inmuebles-21684500
2 Dormitorios en Colon,U$S 87.000,,https://www.gallito.com.uy/casa-con-amplio-terreno-inmuebles-22304489
3 Dormitorios en Aguada,U$S 87.000,,https://www.gallito.com.uy/casa-venta-pu-3-dorm-aguada-acepta-banco-inmuebles-21747460
3 Dormitorios en Cerrito,U$S 87.000,104,https://www.gallito.com.uy/venta-casa-a-reciclar-el-cerrito-gral-flores-y-serrato-inmuebles-13429161
2 Dormitorios en Cordon,U$S 108.000,,https://www.gallito.com.uy/a-reciclar-proxima-palacio-legislativo-o-permuta-venta-casas-inmuebles-19270797
3 Dormitorios en Goes,U$S 109.000,87,https://www.gallito.com.uy/venta-casa-tres-dormitorios-y-parrillero-en-goes-inmuebles-22299441
3 Dormitorios en Buceo,U$S 109.000,70,https://www.gallito.com.uy/casa-a-reciclar-3-dorm-buceo-a-metros-de-av-italia-inmuebles-21970841
3 Dormitorios en Buceo,U$S 109.000,99,https://www.gallito.com.uy/casa-a-la-venta-de-tres-dormitorios-en-buceo-inmuebles-22254086
3 Dormitorios en La Comercial,U$S 109.000,,https://www.gallito.com.uy/casa-en-venta-3-dormitorios-1-baã±o-con-azotea-repãblica-inmuebles-18028133
3 Dormitorios en La Comercial,U$S 109.000,135,https://www.gallito.com.uy/venta-casa-la-comercial-3-dormitorios-ref-rgo-889-inmuebles-22096470
3 Dormitorios en Buceo,U$S 109.000,99,https://www.gallito.com.uy/casa-a-la-venta-de-tres-dormitorios-en-buceo-inmuebles-22174278
2 Dormitorios en Jacinto Vera,U$S 109.000,60,https://www.gallito.com.uy/linda-casa-de-altos-inmuebles-22100874
3 Dormitorios en La Comercial,U$S 109.000,90,https://www.gallito.com.uy/padron-unico-inmuebles-21798757
3 Dormitorios en Belvedere,U$S 109.500,80,https://www.gallito.com.uy/venta-casa-3-dorm-prado-nte-cpatio-y-parrillero-inmuebles-21335122
2 Dormitorios en Sayago,U$S 110.000,,https://www.gallito.com.uy/casa-y-apartamento-2-dormitorios-1-baã±o-cochera-to-inmuebles-22305716
3 Dormitorios en Goes,U$S 110.000,,https://www.gallito.com.uy/valle-inclan-y-blandengues-inmuebles-21218422
2 Dormitorios en Lezica,U$S 110.000,120,https://www.gallito.com.uy/casa-y-apartamento-en-mismo-padron-casa-cw42829-inmuebles-12258475
2 Dormitorios en Brazo Oriental,U$S 110.000,97,https://www.gallito.com.uy/casa-reciclada-inmuebles-20245862
3 Dormitorios en Capurro,U$S 110.000,91,https://www.gallito.com.uy/casa-a-reciclar-francisco-gomez-inmuebles-19947348
2 Dormitorios en Nuevo Paris,U$S 110.000,67,https://www.gallito.com.uy/ifer&olivera-diogenes-hequet-esq-timote-inmuebles-22153855
3 Dormitorios en Cerro,U$S 110.000,120,https://www.gallito.com.uy/japon-3-dorm-baño-coc-gge-terreno-uss110000tel099626570-inmuebles-20479258
3 Dormitorios en La Comercial,U$S 110.000,94,https://www.gallito.com.uy/venta-casa-la-comercial-3-dormitorios-inmuebles-21231905
2 Dormitorios en Sayago,U$S 110.000,,https://www.gallito.com.uy/casa-camplio-jdin-gge-fdo-cgalpon-y-parrillero-inmuebles-20693008
3 Dormitorios en Aguada,U$S 110.000,,https://www.gallito.com.uy/venta-casa-aguada-3-dorm-1-baã±o-y-local-comercial-inmuebles-21746981
2 Dormitorios en Parque Batlle,U$S 110.000,59,https://www.gallito.com.uy/luis-a-de-a-herrera-y-ramon-anador-reciclada-jardin-inmuebles-22288071
2 Dormitorios en Paso De La Arena,U$S 110.000,66,https://www.gallito.com.uy/casa-hermosa-de-66mts-en-500mts-de-terreno-paso-de-la-arena-inmuebles-19926358
4 Dormitorios en Lezica,U$S 110.000,70,https://www.gallito.com.uy/muy-linda-y-comoda-propiedad-en-complejo-lezica-i-inmuebles-15638205
3 Dormitorios en Sayago,U$S 110.000,83,https://www.gallito.com.uy/974-venta-casa-3-dorm-sayago-norte-cochera-inmo-prospero-inmuebles-20905719
2 Dormitorios en Parque Batlle,U$S 110.000,59,https://www.gallito.com.uy/luis-a-de-a-herrera-y-ramon-anador-reciclada-jardin-inmuebles-22233528
2 Dormitorios en Aires Puros,U$S 110.000,,https://www.gallito.com.uy/casa-cjdin-al-fte-fdo-cpatio-y-parrillero-galpon-gge-inmuebles-22196017
3 Dormitorios en Sayago,U$S 110.000,,https://www.gallito.com.uy/casa-mb-construccion-a-2-cdas-de-av-garzon-inmuebles-22081295
3 Dormitorios en Prado,U$S 110.000,90,https://www.gallito.com.uy/venta-casa-de-3-dormitorios-prado-inmuebles-20911423
Más de 4 dormitorios en La Teja,U$S 110.000,235,https://www.gallito.com.uy/excelente-punto-2-casas-1-padron-se-venden-juntas-a-recicl-inmuebles-15591858
4 Dormitorios en Colon,U$S 110.000,1160,https://www.gallito.com.uy/casa-en-venta-en-villa-colon-inmuebles-14633317
2 Dormitorios en La Teja,U$S 110.000,84,https://www.gallito.com.uy/reservadabuena-casa-en-la-teja-con-entrada-de-coche-inmuebles-21308547
2 Dormitorios en Melilla,U$S 110.000,,https://www.gallito.com.uy/casa-en-venta-camino-redencion-inmuebles-18007043
3 Dormitorios en Centro,U$S 110.000,155,https://www.gallito.com.uy/venta-de-casa-ideal-reciclaje-centro-norte-inmuebles-22197171
3 Dormitorios en Prado,U$S 110.000,90,https://www.gallito.com.uy/ifer&olivera-felix-olmedo-y-lucas-obes-inmuebles-20902083
2 Dormitorios en Nuevo Paris,U$S 110.000,100,https://www.gallito.com.uy/casa-fondo-barbacoa-parrillero-garage-inmuebles-21335551
2 Dormitorios en Reducto,U$S 110.000,65,https://www.gallito.com.uy/muy-buena-oportunidad-casa-de-altos-2-dorm-independiente-inmuebles-22067295
2 Dormitorios en Brazo Oriental,U$S 110.000,55,https://www.gallito.com.uy/55-m2-linda-planta-ph-excelente-ubicacion-prox-shopping-inmuebles-16603783
2 Dormitorios en Villa Española,U$S 110.000,60,https://www.gallito.com.uy/venta-casas-villa-española-2-dormitorios-jardin-ref-rg-inmuebles-22096308
2 Dormitorios en Nuevo Paris,U$S 110.000,51,https://www.gallito.com.uy/casa-de-2-dormitorios-con-parrillero-y-areas-verdes-inmuebles-15282290
3 Dormitorios en Carrasco Norte,U$S 110.000,120,https://www.gallito.com.uy/venta-casas-3-dormitorios-carrasco-norte-inmuebles-21908267
3 Dormitorios en Colon,U$S 130.000,81,https://www.gallito.com.uy/vendo-linda-casa-de-3-dormitorios-en-colon-inmuebles-20779493
4 Dormitorios en Union,U$S 130.000,,https://www.gallito.com.uy/2-casas-en-un-mismo-padrã³n-inmuebles-22016977
2 Dormitorios en Goes,U$S 130.000,70,https://www.gallito.com.uy/venta-casa-duplex-2-dorm-goes-cpatio-parrilla-exc-inmuebles-21546306
4 Dormitorios en Brazo Oriental,U$S 130.000,209,https://www.gallito.com.uy/padron-unico-garage-y-fondo-inmuebles-18675364
3 Dormitorios en Maroñas Curva,U$S 130.000,120,https://www.gallito.com.uy/casas-venta-montevideo-maroñas-curva-inmuebles-22067115
4 Dormitorios en Peñarol,U$S 130.000,135,https://www.gallito.com.uy/venta-de-tres-casas-en-el-mismo-padron-inmuebles-20072607
Más de 4 dormitorios en Paso Molino,U$S 130.000,114,https://www.gallito.com.uy/casa-en-2-plantas-entrega-60000-dolares-y-cuotas-inmuebles-21486527
2 Dormitorios en Maroñas Curva,U$S 130.000,157,https://www.gallito.com.uy/casa-independiente-inmuebles-19897925
1 Dormitorio en Pocitos,U$S 130.000,51,https://www.gallito.com.uy/casa-en-venta-inmuebles-18735706
2 Dormitorios en Prado,U$S 130.000,77,https://www.gallito.com.uy/oficina-sosa-reservada-excelente-ubicacion-lugano-a-reci-inmuebles-20965397
2 Dormitorios en Jacinto Vera,U$S 130.000,,https://www.gallito.com.uy/venta-casa-2-dorm-escritorio-fondo-parrillero-jacinto-vera-inmuebles-21746922
3 Dormitorios en Reducto,U$S 130.000,80,https://www.gallito.com.uy/iza-venta-casa-reducto-3-dormitorios-inmuebles-16648423
4 Dormitorios en Aguada,U$S 130.000,213,https://www.gallito.com.uy/venta-casa-4-dormitorios-garaje-aguada-inmuebles-21779885
2 Dormitorios en Cerro,U$S 130.000,105,https://www.gallito.com.uy/linda-casa-con-amplio-terreno-zona-clasica-inmuebles-22191370
Más de 4 dormitorios en Lezica,U$S 130.000,,https://www.gallito.com.uy/ideal-inversor-3-casas-mismo-padron-alquiladas-inmuebles-22298713
3 Dormitorios en Atahualpa,U$S 130.000,85,https://www.gallito.com.uy/casa-propiedad-h-con-patio-delantero-rejas-y-cochera-inmuebles-16161580
1 Dormitorio en Villa Muñoz,U$S 130.000,63,https://www.gallito.com.uy/adi-vende-casa-en-villa-muñoz-1-dormitorio-y-parrillero-inmuebles-21202924
1 Ambiente en Lezica,U$S 130.000,90,https://www.gallito.com.uy/chalet-en-venta-en-lezica-esquina-inmuebles-21903940
3 Dormitorios en Union,U$S 130.000,181,https://www.gallito.com.uy/casa-3-dorm-apto-en-union-inmuebles-22102577
2 Dormitorios en Atahualpa,U$S 130.000,58,https://www.gallito.com.uy/venta-propiedad-a-metros-de-avenida-inmuebles-21476105
3 Dormitorios en Aires Puros,U$S 130.000,106,https://www.gallito.com.uy/casa-venta-3-dormitorios-aires-puros-inmuebles-22127039
4 Dormitorios en La Comercial,U$S 130.000,133,https://www.gallito.com.uy/casa-4-dormitorios-zona-la-comercial-inmuebles-20773197
2 Dormitorios en La Comercial,U$S 130.000,70,https://www.gallito.com.uy/venta-casas-la-comercial-2-dormitorios-ref-rgo-311-inmuebles-22095282
2 Dormitorios en Sayago,U$S 130.000,65,https://www.gallito.com.uy/muy-linda-casa-en-ph-al-fondo-muy-segura-buena-construccion-inmuebles-16200758
3 Dormitorios en Cordon,U$S 130.000,65,https://www.gallito.com.uy/venta-casa-3-dormitorios-cordon-sur-inmuebles-20384859
2 Dormitorios en Capurro,U$S 130.000,,https://www.gallito.com.uy/venta-casa-capurro-2-dorm-1-baã±o-cochera-y-fondo-inmuebles-21746920
2 Dormitorios en Prado Norte,U$S 130.000,60,https://www.gallito.com.uy/refor-vende-propiedad-prado-norte-inmuebles-15858373
1 Ambiente en La Comercial,U$S 130.000,166,https://www.gallito.com.uy/1-martin-c-martinez-2276-inmuebles-20645976
3 Dormitorios en J. Hipodromo,U$S 130.000,,https://www.gallito.com.uy/casa-en-venta-3-dormitorios-2-baã±os-garaje-acrã³po-inmuebles-22174040
2 Dormitorios en Union,U$S 130.000,65,https://www.gallito.com.uy/ifer&olivera-comercio-y-asilo-inmuebles-17142299
2 Dormitorios en La Comercial,U$S 130.000,70,https://www.gallito.com.uy/venta-casa-duplex-2-dorm-goes-azotea-c-parrillero-inmuebles-22179409
3 Dormitorios en Capurro,U$S 130.000,111,https://www.gallito.com.uy/venta-propiedad-en-capurro-inmuebles-21389415
Más de 4 dormitorios en Malvin Norte,U$S 130.000,294,https://www.gallito.com.uy/venta-propiedad-ideal-inversor-inmuebles-21831914
2 Dormitorios en Aguada,U$S 130.000,95,https://www.gallito.com.uy/casablanca-casa-antigua-totalmente-reciclada-inmuebles-20177761
3 Dormitorios en Aguada,U$S 130.000,86,https://www.gallito.com.uy/venta-casa-aguada-3dormitorios-patio-ref-rgo-638-inmuebles-22096181
2 Dormitorios en Villa Muñoz,U$S 130.000,89,https://www.gallito.com.uy/baldovino-villa-muñoz-angel-floro-costa-e-isidoro-de-maria-inmuebles-20880182
3 Dormitorios en La Teja,U$S 130.000,67,https://www.gallito.com.uy/venta-de-casa-con-3-dormitorios-en-la-teja-inmuebles-22225265
2 Dormitorios en Sayago,U$S 130.000,90,https://www.gallito.com.uy/al827-casa-de-epoca-gran-fondo-sayago-inmo-prospero-inmuebles-21313704
2 Dormitorios en Prado,U$S 130.000,62,https://www.gallito.com.uy/venta-casa-en-buceo-inmuebles-21096449
1 Dormitorio en Otro,U$S 130.000,,https://www.gallito.com.uy/refor-vende-casa-apto-y-galpon-inmuebles-16402018
4 Dormitorios en Goes,U$S 150.000,,https://www.gallito.com.uy/venta-casa-goes-montevideo-imasuy-ip-inmuebles-22103029
2 Dormitorios en Centro,U$S 150.000,125,https://www.gallito.com.uy/vendo-casa-2-dormitorios-en-centro-inmuebles-22018670
2 Dormitorios en Nuevo Paris,U$S 150.000,,https://www.gallito.com.uy/refor-vende-casa-en-nuevo-paris-inmuebles-18007548
3 Dormitorios en La Teja,U$S 150.000,,https://www.gallito.com.uy/refor-vende-casa-2-plantas-en-la-teja-inmuebles-16801868
2 Dormitorios en Buceo,U$S 150.000,60,https://www.gallito.com.uy/reciclado-con-trza-y-parrillero-inmuebles-16917785
2 Dormitorios en Tres Cruces,U$S 150.000,,https://www.gallito.com.uy/casa-en-venta-tres-cruces-2-dorm-azotea-con-parrillero-gara-inmuebles-21746926
2 Dormitorios en Reducto,U$S 150.000,141,https://www.gallito.com.uy/casablanca-ph-al-frente-actualizada-inmuebles-14237871
2 Dormitorios en Aguada,U$S 150.000,87,https://www.gallito.com.uy/venta-casa-2-dormitorios-2-baños-patio-con-parrillero-inmuebles-20285543
3 Dormitorios en Punta Gorda,U$S 150.000,72,https://www.gallito.com.uy/duplex-de-3-dormitorios-en-carrasco-inmuebles-20142828
4 Dormitorios en Aguada,U$S 150.000,,https://www.gallito.com.uy/venta-casa-aguada-montevideo-imasuy-ip-inmuebles-22103030
4 Dormitorios en Prado,U$S 150.000,300,https://www.gallito.com.uy/venta-casa-nuda-propiedad-de-epoca-prado-inmuebles-21002188
Más de 4 dormitorios en Otro,U$S 150.000,151,https://www.gallito.com.uy/venta-de-apartamento-con-5-dormitorios-en-bella-vista-inmuebles-22225249
3 Dormitorios en Carrasco,U$S 150.000,72,https://www.gallito.com.uy/duplex-de-3-dormitorios-en-carrasco-inmuebles-20142827
1 Dormitorio en Parque Rodo,U$S 150.000,,https://www.gallito.com.uy/venta-apto-1-dorm-parque-rodã-inmuebles-22082948
4 Dormitorios en Paso Molino,U$S 150.000,173,https://www.gallito.com.uy/casa-de-4-dormitorios-y-2-baños-precio-de-oferta-inmuebles-18210213
3 Dormitorios en Union,U$S 150.000,78,https://www.gallito.com.uy/casa-duplex-en-barrio-la-union-inmuebles-21993002
2 Dormitorios en Jacinto Vera,U$S 150.000,60,https://www.gallito.com.uy/casa-en-venta-2-dormitorios-parrillero-jacinto-vera-inmuebles-22276982
3 Dormitorios en La Teja,U$S 150.000,,https://www.gallito.com.uy/inmobiliaria-battut-vende-casa-a-estrenar-a-mts-de-avenida-inmuebles-15431045
3 Dormitorios en Prado,U$S 150.000,102,https://www.gallito.com.uy/venta-casa-paso-de-las-duranas-prado-3-dormitorios-garag-inmuebles-22094855
3 Dormitorios en La Comercial,U$S 150.000,141,https://www.gallito.com.uy/constitucion-esquina-amezaga-inmuebles-21971331
4 Dormitorios en Belvedere,U$S 150.000,,https://www.gallito.com.uy/refor-vende-casa-en-belvedere-inmuebles-18769678
2 Dormitorios en Brazo Oriental,U$S 150.000,65,https://www.gallito.com.uy/venta-casas-brazo-oriental-2-dormitorios-ref-rgo-142-inmuebles-22095222
2 Dormitorios en Nuevo Paris,U$S 150.000,2662,https://www.gallito.com.uy/refor-vende-casa-con-local-en-nuevo-paris-inmuebles-17110806
Más de 4 dormitorios en La Comercial,U$S 150.000,188,https://www.gallito.com.uy/venta-casa-la-comercial-3-unidades-con-renta-inmuebles-22264434
3 Dormitorios en Sayago,U$S 151.000,117,https://www.gallito.com.uy/excelente-propiedad-garage-parrillero-inmuebles-21335603
3 Dormitorios en Sayago,U$S 151.000,117,https://www.gallito.com.uy/al848-venta-casa-3dormitorios-sayago-cgaraje-jardin-patio-inmuebles-21394475
3 Dormitorios en Cordon,U$S 152.000,,https://www.gallito.com.uy/excelente-ph-ideal-para-residencia-de-estudiante-inmuebles-20266263
3 Dormitorios en Cordon,U$S 152.000,136,https://www.gallito.com.uy/venta-casa-em-cordon-3-dormitorios-parrillero-y-azotea-inmuebles-22277287
3 Dormitorios en Palermo,U$S 152.000,136,https://www.gallito.com.uy/venta-casa-palermo-3-dormitorios-cocina-parrillero-azotea-inmuebles-18223907
2 Dormitorios en Union,U$S 152.000,82,https://www.gallito.com.uy/venta-casa-2-dormitorios-garage-union-montevideo-inmuebles-21127281
2 Dormitorios en Pocitos Nuevo,U$S 152.000,56,https://www.gallito.com.uy/venta-casa-2-dormitorios-pocitos-nuevo-inmuebles-22023452
3 Dormitorios en Sayago,U$S 153.000,84,https://www.gallito.com.uy/excelente-propiedad-en-sayago-proximo-a-garzon-en-padro-inmuebles-22253343
Más de 4 dormitorios en Reducto,U$S 153.000,172,https://www.gallito.com.uy/venta-casa-5-dormitorios-en-reducto-inmuebles-20960692
3 Dormitorios en Sayago,U$S 153.000,117,https://www.gallito.com.uy/muy-linda-casa-sobre-avenida-de-3-dormitorios-en-sayago-inmuebles-21115125
3 Dormitorios en Paso De La Arena,U$S 154.000,300,https://www.gallito.com.uy/vendo-casa-en-anaya-a-nuevo-con-3000-mt-de-terreno-inmuebles-21993170
3 Dormitorios en Sayago,U$S 154.000,150,https://www.gallito.com.uy/venta-de-dos-casas-ideal-para-renta-o-familia-grande-inmuebles-22192110
3 Dormitorios en Atahualpa,U$S 154.000,84,https://www.gallito.com.uy/casa-en-venta-atahualpa-inmuebles-21127989
4 Dormitorios en Otro,U$S 154.000,183,https://www.gallito.com.uy/venta-de-3-casas-en-el-mismo-padron-inmuebles-21461244
Más de 4 dormitorios en Arroyo Seco,U$S 155.000,163,https://www.gallito.com.uy/casa-venta-arroyo-seco-inmuebles-22270425
2 Dormitorios en Buceo,U$S 155.000,92,https://www.gallito.com.uy/casa-en-ph-al-frente-con-cochera-y-patiocparrillero-inmuebles-21462061
3 Dormitorios en Reducto,U$S 175.000,84,https://www.gallito.com.uy/casa-venta-reducto-montevideo-imasuy-a-inmuebles-21821273
3 Dormitorios en Prado,U$S 175.000,100,https://www.gallito.com.uy/8542-venta-casa-pu-ccochera-doble-fondo-barbacoa-prado-no-inmuebles-22224526
3 Dormitorios en La Blanqueada,U$S 175.000,150,https://www.gallito.com.uy/casa-la-blanqueada-inmuebles-22264708
2 Dormitorios en Otro,U$S 175.000,96,https://www.gallito.com.uy/venta-casa-con-renta-terreno-mercado-modelo-inmuebles-22185020
2 Dormitorios en Buceo,U$S 175.000,,https://www.gallito.com.uy/casa-en-venta-2-dormitorios-1-baã±o-terraza-con-parrillero-inmuebles-17873593
3 Dormitorios en Cerrito,U$S 175.000,,https://www.gallito.com.uy/dos-casas-en-venta-3-dormitorios-4-baã±os-con-gran-patio-ba-inmuebles-18834284
3 Dormitorios en Atahualpa,U$S 175.000,,https://www.gallito.com.uy/hermosa-y-amplia-casa-a-a-venta-atahualpa-inmuebles-22038233
4 Dormitorios en Prado,U$S 175.000,84,https://www.gallito.com.uy/8801-casa-ccochera-2-autos-barbacoa-patio-prado-norte-inmuebles-21447040
2 Dormitorios en Malvin,U$S 175.000,120,https://www.gallito.com.uy/vendo-casa-de-2-dormitorios-en-malvin-norte-inmuebles-22018615
3 Dormitorios en Reducto,U$S 175.000,84,https://www.gallito.com.uy/casa-venta-goes-montevideo-imasuy-a-inmuebles-21821275
3 Dormitorios en Aires Puros,U$S 175.000,,https://www.gallito.com.uy/casa-aires-puros-inmuebles-22270088
4 Dormitorios en Prado,U$S 175.000,100,https://www.gallito.com.uy/854-venta-casa-pu-ccochera-doble-fondo-barbacoa-prado-nort-inmuebles-22081188
2 Dormitorios en Buceo,U$S 175.000,54,https://www.gallito.com.uy/casa-buceo-inmuebles-21506710
3 Dormitorios en Goes,U$S 175.000,104,https://www.gallito.com.uy/reservada-inmuebles-20108083
2 Dormitorios en Brazo Oriental,U$S 175.000,84,https://www.gallito.com.uy/padron-unico-local-comercial-y-casa-macari-vende-inmuebles-21863916
3 Dormitorios en Atahualpa,U$S 175.000,100,https://www.gallito.com.uy/va1024-venta-casa-3-dormitorios-en-atahualpa-con-patios-inmuebles-21210964
3 Dormitorios en Cerrito,U$S 175.000,168,https://www.gallito.com.uy/excelente-propiedad-impecable-con-gran-fondo-inmuebles-21284474
2 Dormitorios en Brazo Oriental,U$S 175.000,77,https://www.gallito.com.uy/casa-brazo-oriental-inmuebles-20139803
2 Dormitorios en Goes,U$S 175.000,,https://www.gallito.com.uy/casa-venta-goes-montevideo-imasuy-m-inmuebles-22135095
3 Dormitorios en Prado,U$S 175.000,177,https://www.gallito.com.uy/casa-hermosa-en-inmejorable-precio-inmuebles-21822715
3 Dormitorios en Capurro,U$S 175.000,107,https://www.gallito.com.uy/ifer&olivera-capurro-y-basualdo-inmuebles-20309185
1 Ambiente en Brazo Oriental,U$S 175.000,110,https://www.gallito.com.uy/venta-casa-brazo-oriental-3-dormitorios-con-renta-inmuebles-21609203
3 Dormitorios en Buceo,U$S 175.000,120,https://www.gallito.com.uy/casa-en-buceo-inmuebles-21951031
2 Dormitorios en Bolivar,U$S 175.000,81,https://www.gallito.com.uy/venta-casa-mas-apartamento-zona-perez-castellano-inmuebles-20655484
3 Dormitorios en Cerrito,U$S 175.000,,https://www.gallito.com.uy/casa-impecable-excelente-estado-tres-dorm-baño-gge-inmuebles-22275223
3 Dormitorios en Union,U$S 175.000,110,https://www.gallito.com.uy/hermosa-casa-reciclada-a-nueva-inmuebles-21997941
3 Dormitorios en Cordon,U$S 175.000,164,https://www.gallito.com.uy/gran-oportunidad-casa-de-3-dormitorios-y-patio-inmuebles-19032697
4 Dormitorios en La Comercial,U$S 175.000,140,https://www.gallito.com.uy/casa-4-dormitorios-con-renta-inmuebles-19759954
2 Dormitorios en Punta Gorda,U$S 175.000,84,https://www.gallito.com.uy/hermoso-duplex-2-dormitorios-en-punta-gorda-inmuebles-20688965
4 Dormitorios en Tres Cruces,U$S 176.000,130,https://www.gallito.com.uy/vendo-casa-cuatro-dormitorios-tres-cruces-montevideo-inmuebles-21602394
3 Dormitorios en La Comercial,U$S 177.000,200,https://www.gallito.com.uy/casa-la-comercial-inmuebles-20980610
3 Dormitorios en Aires Puros,U$S 177.000,135,https://www.gallito.com.uy/casablanca-2-casas-en-un-padron-inmuebles-15300715
3 Dormitorios en La Comercial,U$S 177.000,98,https://www.gallito.com.uy/venta-casa-3-dormitorios-con-amplio-garage-en-la-comercial-inmuebles-21797981
2 Dormitorios en Prado,U$S 178.000,120,https://www.gallito.com.uy/venta-casas-prado-norte-2-dormitorios-ref-rgo-262-inmuebles-22095546
3 Dormitorios en Carrasco,U$S 178.000,110,https://www.gallito.com.uy/oportunidad-vendo-casa-3-dormitorios-2-baños-carrasco-inmuebles-21827961
4 Dormitorios en Bella Vista,U$S 178.000,195,https://www.gallito.com.uy/venta-casa-bella-vista-4-dormitorios-ref-rgo-819-inmuebles-22096178
3 Dormitorios en Carrasco,U$S 178.000,,https://www.gallito.com.uy/en-venta-casa-dãplex-carrasco-sur-inmuebles-21828057
3 Dormitorios en Sayago,U$S 178.000,210,https://www.gallito.com.uy/604-m2-terreno-210-m2-edificados-soleada-buen-estado-gge-inmuebles-16224848
2 Dormitorios en Prado,U$S 178.000,90,https://www.gallito.com.uy/casa-venta-prado-inmuebles-19864242
3 Dormitorios en Carrasco,U$S 178.000,110,https://www.gallito.com.uy/venta-casa-3-dormitorios-2-baños-carrasco-sur-inmuebles-21165310
4 Dormitorios en Union,U$S 200.000,168,https://www.gallito.com.uy/imperdible-a-mts-av-italia-y-propios-inmuebles-21752599
Más de 4 dormitorios en Melilla,U$S 200.000,900,https://www.gallito.com.uy/melilla-casas-campo-y-galpones-con-renta-inmuebles-20466841
3 Dormitorios en Union,U$S 202.000,,https://www.gallito.com.uy/casa-en-venta-3-dormitorios-2-baã±os-vera-uniã³n-inmuebles-19065878
4 Dormitorios en Belvedere,U$S 203.000,150,https://www.gallito.com.uy/excelente-propiedad-en-padron-unico-mas-apartamento-inmuebles-22253283
2 Dormitorios en Parque Batlle,U$S 205.000,,https://www.gallito.com.uy/duplex-ph-en-venta-2-dormitorios-2-baã±os-patio-terraza-inmuebles-21674436
2 Dormitorios en Pocitos,U$S 205.000,,https://www.gallito.com.uy/hermosa-casa-a-la-venta-zona-pocitos-inmuebles-22067568
3 Dormitorios en Malvin,U$S 205.000,100,https://www.gallito.com.uy/venta-casa-2-dormitorios-en-malvin-inmuebles-16364062
3 Dormitorios en Cordon,U$S 205.000,,https://www.gallito.com.uy/casa-en-excelente-ubicaciã³n-y-muy-buenos-espacios-inmuebles-21428165
4 Dormitorios en Colon,U$S 205.000,167,https://www.gallito.com.uy/ideal-para-2-familia-casa-mas-apartamento-inmuebles-20779460
3 Dormitorios en Aires Puros,U$S 205.000,,https://www.gallito.com.uy/casa-en-venta-comercio-rentado-3-dormitorios-2-baã±os-inmuebles-22264968
2 Dormitorios en Cordon,U$S 205.000,,https://www.gallito.com.uy/casa-en-venta-inmuebles-22179226
3 Dormitorios en Atahualpa,U$S 205.000,230,https://www.gallito.com.uy/casa-venta-barrio-atahualpa-3-dormitorios-1-baño-con-fondo-inmuebles-20060160
4 Dormitorios en Union,U$S 205.000,150,https://www.gallito.com.uy/casa-en-venta-de-4-dormitorios-y-1-apartamento-inmuebles-21993107
3 Dormitorios en Buceo,U$S 205.000,,https://www.gallito.com.uy/casa-venta-en-buceo-inmuebles-21335753
2 Dormitorios en Parque Batlle,U$S 205.000,100,https://www.gallito.com.uy/ponce-casa-de-altos-100-mts-estar-parrillero-gran-azot-inmuebles-18443597
3 Dormitorios en Atahualpa,U$S 205.000,130,https://www.gallito.com.uy/casa-de-3-dormitorios-en-atahualpa-muy-buen-punto-inmuebles-19269207
3 Dormitorios en Malvin,U$S 205.000,,https://www.gallito.com.uy/casa-en-malvin-a-1-cuadra-de-av-italia-al-norte-inmuebles-16216568
3 Dormitorios en Reducto,U$S 208.000,176,https://www.gallito.com.uy/ifer&olivera-sitio-grande-prox-asencio-inmuebles-19619525
3 Dormitorios en Buceo,U$S 208.000,85,https://www.gallito.com.uy/casa-buceo-inmuebles-19120483
4 Dormitorios en Punta Gorda,U$S 209.000,80,https://www.gallito.com.uy/calida-ph-4-dormitorios-2-baños-cochera-parrillero-inmuebles-21992022
2 Dormitorios en Pocitos,U$S 209.000,76,https://www.gallito.com.uy/barreiro-a-pocas-cuadras-del-mar-prop-horizontal-garaje-inmuebles-15583988
Más de 4 dormitorios en Buceo,U$S 210.000,100,https://www.gallito.com.uy/casa-buceo-inmuebles-20108302
1 Ambiente en Carrasco Norte,U$S 210.000,250,https://www.gallito.com.uy/venta-casa-y-apartamentos-carrasco-norte-inmuebles-21628617
Más de 4 dormitorios en Manga,U$S 210.000,,https://www.gallito.com.uy/venta-de-3-casas-en-manga-en-1-padron-ideal-empresa-246-m2-inmuebles-15620609
2 Dormitorios en Maroñas Curva,U$S 210.000,800,https://www.gallito.com.uy/preciosa-casa-2-dormitorios-jardin-barbacoa-maroñas-curva-inmuebles-21747555
3 Dormitorios en Pocitos,U$S 210.000,,https://www.gallito.com.uy/casa-3-dorm-en-pocitos-inmuebles-15519168
3 Dormitorios en Prado,U$S 210.000,190,https://www.gallito.com.uy/ifer&olivera-e-ciganda-esq-av-j-suarez-inmuebles-22174711
3 Dormitorios en Sayago,U$S 210.000,,https://www.gallito.com.uy/local-casa-y-2-aptos-a-terminar-inmuebles-20929753
3 Dormitorios en Atahualpa,U$S 210.000,154,https://www.gallito.com.uy/arkontes-en-1-planta-prox-l-a-de-herrera-inmuebles-15060516
2 Dormitorios en Parque Batlle,U$S 210.000,65,https://www.gallito.com.uy/venta-casa-2-dormitorios-con-patio-buceo-inmuebles-22265428
2 Dormitorios en Villa Española,U$S 210.000,159,https://www.gallito.com.uy/buena-casa-muy-comoda-inmuebles-22082662
2 Dormitorios en Villa Española,U$S 210.000,159,https://www.gallito.com.uy/buena-casa-muy-comoda-inmuebles-22082587
2 Dormitorios en Jacinto Vera,U$S 210.000,144,https://www.gallito.com.uy/casa-jacinto-vera-inmuebles-20644424
3 Dormitorios en La Comercial,U$S 210.000,,https://www.gallito.com.uy/casa-a-la-venta-3-dormitorios-1-baã±o-2-plantas-gar-inmuebles-21836892
2 Dormitorios en Maroñas,U$S 210.000,,https://www.gallito.com.uy/venta-de-casa-2-dormitorios-2-baã±os-cochera-barbacoa-inmuebles-21742612
2 Dormitorios en Malvin,U$S 210.000,107,https://www.gallito.com.uy/casa-malvin-2-dormitorios-a-estrenar-inmuebles-21557473
3 Dormitorios en Cerrito,U$S 210.000,120,https://www.gallito.com.uy/hermosa-casa-amplia-y-muy-comoda-excelente-estado-inmuebles-21915239
3 Dormitorios en La Comercial,U$S 210.000,111,https://www.gallito.com.uy/casa-en-venta-inmuebles-20879395
2 Dormitorios en La Blanqueada,U$S 210.000,,https://www.gallito.com.uy/casa-en-venta-2-plantas-2-dormitros-1-baã±o-garaje-y-coche-inmuebles-19498463
4 Dormitorios en Jacinto Vera,U$S 210.000,178,https://www.gallito.com.uy/venta-casa-la-figurita-3-o-mas-dormitorios-y-garaje-inmuebles-21349219
Más de 4 dormitorios en Tres Cruces,U$S 240.000,112,https://www.gallito.com.uy/punico-en-excelente-punto-sobre-avdaa-pasos-de-tres-cruces-inmuebles-14865141
2 Dormitorios en Pocitos,U$S 240.000,65,https://www.gallito.com.uy/casa-de-2-dormitorios-en-buceo-jardin-patio-y-cochera-inmuebles-20458096
3 Dormitorios en Malvin,U$S 240.000,100,https://www.gallito.com.uy/hermosa-ubicacion-a-pasos-del-mar-inmuebles-21511649
2 Dormitorios en Buceo,U$S 240.000,65,https://www.gallito.com.uy/casa-de-2-dormitorios-en-buceo-jardin-patio-y-cochera-inmuebles-20458115
3 Dormitorios en La Blanqueada,U$S 240.000,130,https://www.gallito.com.uy/amplia-excelente-ubicacion-cochera-parrillero-inmuebles-19258958
3 Dormitorios en Larrañaga,U$S 242.000,,https://www.gallito.com.uy/hermosa-e-imperdible-casa-a-100-metros-del-nuevocentro-inmuebles-22016903
3 Dormitorios en Pocitos,U$S 243.000,110,https://www.gallito.com.uy/venta-de-casa-ph-en-pocitos-3-dormitorios-inmuebles-22146829
3 Dormitorios en Cordon,U$S 243.000,140,https://www.gallito.com.uy/casa-en-venta-inmuebles-21491686
3 Dormitorios en Pocitos,U$S 244.000,132,https://www.gallito.com.uy/masini-y-tamburini-divina-1xesc-alquilada-inmuebles-19130047
Más de 4 dormitorios en Parque Rodo,U$S 245.000,,https://www.gallito.com.uy/casa-jackson-y-gonzalo-ramirez-esquina-casa-de-altos-142-inmuebles-22304710
3 Dormitorios en Brazo Oriental,U$S 245.000,110,https://www.gallito.com.uy/sobre-herrera-precioso-chalet-de-tejas-inmuebles-19775612
2 Dormitorios en Malvin,U$S 245.000,148,https://www.gallito.com.uy/casas-para-reciclar-en-rambla-de-malvin-inmuebles-22139336
3 Dormitorios en Parque Batlle,U$S 245.000,,https://www.gallito.com.uy/venta-casa-3-dormitorios-parque-batlle-inmuebles-21477145
3 Dormitorios en Prado,U$S 245.000,70,https://www.gallito.com.uy/villa-savoia-casas-en-barrio-privado-inmuebles-16401899
4 Dormitorios en Tres Cruces,U$S 245.000,200,https://www.gallito.com.uy/renta-ya-venta-casa-tres-cruces-ideal-inversionista-inmuebles-15011146
3 Dormitorios en Parque Batlle,U$S 245.000,83,https://www.gallito.com.uy/excelente-casa-en-parque-batlle-inmuebles-21469152
3 Dormitorios en Parque Batlle,U$S 245.000,83,https://www.gallito.com.uy/casa-en-ph-en-parque-batlle-ref-8352-inmuebles-21885976
3 Dormitorios en Parque Rodo,U$S 245.000,164,https://www.gallito.com.uy/ph-de-altos-en-venta-ideal-empresa-parque-rodo-inmuebles-21714736
3 Dormitorios en Parque Rodo,U$S 245.000,164,https://www.gallito.com.uy/ph-de-altos-en-venta-ideal-empresa-parque-rodo-inmuebles-21608925
2 Dormitorios en Malvin Norte,U$S 245.000,,https://www.gallito.com.uy/casa-en-venta-2-dormitorios-2-baã±os-fondo-con-barbacoa-y-inmuebles-21492484
Más de 4 dormitorios en Centro,U$S 245.000,233,https://www.gallito.com.uy/venta-casa-centro-ideal-residencia-estudiantil-inmuebles-21992292
Más de 4 dormitorios en Cordon,U$S 245.000,433,https://www.gallito.com.uy/oportunidad-venta-casa-5-dormitorios-5-aptos-cordon-inmuebles-21758856
3 Dormitorios en Tres Cruces,U$S 245.000,150,https://www.gallito.com.uy/venta-casa-padron-ünico-3-dormitorios-garaje-parriller-inmuebles-20285527
2 Dormitorios en Malvin,U$S 245.000,148,https://www.gallito.com.uy/casas-para-reciclar-en-rambla-de-malvin-inmuebles-22067466
2 Dormitorios en Parque Rodo,U$S 245.000,123,https://www.gallito.com.uy/casa-en-parque-rodo-ideal-para-pareja-joven-inmuebles-21713970
2 Dormitorios en Parque Batlle,U$S 245.000,128,https://www.gallito.com.uy/ideal-empresa-av-italia-entre-pte-berro-y-ricaldoni-inmuebles-21713667
3 Dormitorios en Parque Rodo,U$S 245.000,164,https://www.gallito.com.uy/ph-de-altos-en-venta-ideal-empresa-parque-rodo-inmuebles-21608816
3 Dormitorios en Cordon,U$S 245.000,100,https://www.gallito.com.uy/a-refaccionar-azotea-y-patio-exclusivo-cparrillero-inmuebles-19258890
3 Dormitorios en Parque Batlle,U$S 245.000,83,https://www.gallito.com.uy/venta-casa-3-dorm-ph-parque-batlle-acepta-permuta-inmuebles-21557395
4 Dormitorios en Paso Molino,U$S 245.000,165,https://www.gallito.com.uy/padron-unico-sobre-av-garzon-casa-de-2-niveles-macari-vende-inmuebles-20986041
Más de 4 dormitorios en Sayago,U$S 245.000,182,https://www.gallito.com.uy/baldovino-sayago-prado-eduardo-pondal-y-millan-inmuebles-19653296
2 Dormitorios en Buceo,U$S 247.000,,https://www.gallito.com.uy/venta-casa-2-dormitorios-buceo-inmuebles-22059697
3 Dormitorios en Parque Batlle,U$S 248.000,120,https://www.gallito.com.uy/venta-casa-parque-batlle-3-dorm-garaje-terraza-inmuebles-22232923
4 Dormitorios en Ciudad Vieja,U$S 248.000,160,https://www.gallito.com.uy/venta-hermosa-ph-de-epoca-impecable-y-con-renta-inmuebles-19825252
3 Dormitorios en Buceo,U$S 248.900,160,https://www.gallito.com.uy/hermosa-casa-en-buceo-inmuebles-21360253
Más de 4 dormitorios en Reducto,U$S 249.000,204,https://www.gallito.com.uy/casa-reducto-inmuebles-16870843
3 Dormitorios en La Blanqueada,U$S 249.000,136,https://www.gallito.com.uy/casa-venta-parrillero-barbacoa-3-dormitorios-cochera-r-inmuebles-22016290
3 Dormitorios en Brazo Oriental,U$S 249.000,124,https://www.gallito.com.uy/casa-venta-brazo-oriental-montevideo-imasuy-r-inmuebles-21585491
4 Dormitorios en Jacinto Vera,U$S 249.000,136,https://www.gallito.com.uy/casa-venta-la-jacinto-vera-montevideo-imasuy-r-inmuebles-22016288
2 Dormitorios en La Blanqueada,U$S 249.000,80,https://www.gallito.com.uy/casa-la-blanqueada-inmuebles-20139897
3 Dormitorios en Pocitos,U$S 290.000,107,https://www.gallito.com.uy/casa-venta-pocitos-montevideo-imasuy-l-inmuebles-19487965
3 Dormitorios en Malvin,U$S 290.000,197,https://www.gallito.com.uy/casa-en-venta-malvin-inmuebles-21765508
Más de 4 dormitorios en Prado,U$S 290.000,815,https://www.gallito.com.uy/venta-o-alquiler-gran-casona-salones-ideal-institucion-inmuebles-14382215
3 Dormitorios en La Blanqueada,U$S 290.000,250,https://www.gallito.com.uy/891-venta-casa-2-aptos-4-dorm-2-coch-la-blanqueada-inmo-inmuebles-21944611
3 Dormitorios en Parque Batlle,U$S 290.000,394,https://www.gallito.com.uy/3-dormitorios-3-baños-barbacoa-garaje-en-parque-batlle-inmuebles-19332457
Más de 4 dormitorios en Malvin,U$S 290.000,200,https://www.gallito.com.uy/casa-6-dormitorios-malvin-inmuebles-22053622
3 Dormitorios en Carrasco Norte,U$S 291.000,95,https://www.gallito.com.uy/casa-a-estrenar-en-garden-town-ref-8404-inmuebles-22089207
3 Dormitorios en Carrasco,U$S 293.480,136,https://www.gallito.com.uy/3-dormitorios-con-patio-en-osaka-carrasco-inmuebles-21999203
3 Dormitorios en Carrasco,U$S 293.500,,https://www.gallito.com.uy/casa-de-3-dormitorios-en-excelente-zona-de-carrasco-con-bar-inmuebles-21708163
3 Dormitorios en Buceo,U$S 295.000,157,https://www.gallito.com.uy/casa-en-venta-buceo-3-dormitorios-inmuebles-21552239
3 Dormitorios en Malvin,U$S 295.000,170,https://www.gallito.com.uy/hirigoyen-y-verdi-punico-frente-a-2-calles-inmuebles-22217494
2 Dormitorios en Buceo,U$S 295.000,121,https://www.gallito.com.uy/casa-de-2-dormitorios-y-servicio-en-buceo-inmuebles-21542396
4 Dormitorios en La Blanqueada,U$S 295.000,216,https://www.gallito.com.uy/muy-buena-casa-en-dos-plantas-con-fondo-a-pasos-de-casmu-inmuebles-20773622
3 Dormitorios en Carrasco Norte,U$S 295.000,195,https://www.gallito.com.uy/casa-venta-carrasco-norte-padron-unico-1-planta-fondo-inmuebles-14345563
3 Dormitorios en Malvin,U$S 295.000,151,https://www.gallito.com.uy/venta-de-casa-en-malvin-3-dormitorios-inmuebles-19174971
3 Dormitorios en Tres Cruces,U$S 295.000,180,https://www.gallito.com.uy/divina-toda-reciclada-inmuebles-15837121
3 Dormitorios en Buceo,U$S 295.000,112,https://www.gallito.com.uy/excelente-ubicacion-buceo-inmuebles-21231922
4 Dormitorios en Cordon,U$S 295.000,200,https://www.gallito.com.uy/casa-reciclada-ideal-empresa-ambientes-amplios-gge-inmuebles-12932136
2 Dormitorios en Brazo Oriental,U$S 295.000,300,https://www.gallito.com.uy/venta-casa-en-pta-alta-con-amplio-garage-abajo-apto-taller-inmuebles-14099511
4 Dormitorios en Cordon,U$S 295.000,230,https://www.gallito.com.uy/venta-casa-en-cordon-sur-dos-viviendas-en-el-mismo-padro-inmuebles-20205411
Más de 4 dormitorios en La Blanqueada,U$S 295.000,375,https://www.gallito.com.uy/casa-2-aptos-en-venta-padron-unico-con-cochera-y-fondo-inmuebles-21056523
Más de 4 dormitorios en Cordon,U$S 295.000,350,https://www.gallito.com.uy/importante-casa-y-local-comercial-todo-al-frente-inmuebles-20197866
4 Dormitorios en Cno. Carrasco,U$S 295.000,560,https://www.gallito.com.uy/baldovino-cnocarrasco-y-juan-de-la-sagra-inmuebles-18791476
3 Dormitorios en Nuevo Paris,U$S 295.000,240,https://www.gallito.com.uy/venta-importante-casa-en-nuevo-paris-inmuebles-19295455
4 Dormitorios en Tres Cruces,U$S 295.000,1,https://www.gallito.com.uy/casa-tres-cruces-venta-4-dormitorios-nicaragua-impecable-c-inmuebles-15835504
4 Dormitorios en Prado,U$S 295.000,250,https://www.gallito.com.uy/venta-2-casas-prado-4-dormitorios-garaje-jardin-inmuebles-22095260
3 Dormitorios en Buceo,U$S 295.000,86,https://www.gallito.com.uy/casa-buceo-inmuebles-20078530
3 Dormitorios en Buceo,U$S 295.000,280,https://www.gallito.com.uy/venta-casa-3-dormitorios-buceo-inmuebles-22012281
2 Dormitorios en Brazo Oriental,U$S 295.000,300,https://www.gallito.com.uy/alsir-a-mts-luis-a-de-herrera-hermosa-casa-local-permuto-inmuebles-21284385
3 Dormitorios en Buceo,U$S 295.000,279,https://www.gallito.com.uy/vendo-casa-de-3-dormitorios-en-buceo-inmuebles-22018484
4 Dormitorios en Brazo Oriental,U$S 295.000,,https://www.gallito.com.uy/vende-casa-4-dormitorios-3-baã±os-garaje-x-2-barbacoa-y-inmuebles-22298459
2 Dormitorios en Pocitos Nuevo,U$S 295.000,100,https://www.gallito.com.uy/proximo-wtc-inmuebles-21971246
3 Dormitorios en Malvin,U$S 295.000,110,https://www.gallito.com.uy/casa-venta-malvin-inmuebles-22224550
3 Dormitorios en Malvin,U$S 295.000,300,https://www.gallito.com.uy/malvin-amplia-casa-de-3-dorm-y-gran-subsuelo-gje-para-2-inmuebles-20593550
Más de 4 dormitorios en La Blanqueada,U$S 295.000,,https://www.gallito.com.uy/gran-casa-en-la-blanqueada-inmuebles-15587650
4 Dormitorios en Prado,U$S 295.000,,https://www.gallito.com.uy/2-casas-independientes-marã­a-orticohea-prado-norte-inmuebles-21785404
3 Dormitorios en Parque Batlle,U$S 295.000,297,https://www.gallito.com.uy/casa-de-297m2-en-terreno-de-333m2-inmuebles-20964622
3 Dormitorios en Parque Batlle,U$S 295.000,128,https://www.gallito.com.uy/ideal-clinicas-centro-medico-empresa-etc-inmuebles-22298593
Más de 4 dormitorios en Cordon,U$S 295.000,195,https://www.gallito.com.uy/casa-cordon-inmuebles-19862964
3 Dormitorios en Malvin,U$S 295.000,110,https://www.gallito.com.uy/venta-de-casa-de-3-dormitorios-en-malvin-inmuebles-20923710
4 Dormitorios en Pocitos,U$S 358.000,,https://www.gallito.com.uy/casa-en-venta-con-renta-4-dormitorios-3-baã±os-garaje-y-t-inmuebles-21381230
3 Dormitorios en Pocitos,U$S 358.000,158,https://www.gallito.com.uy/parodi-venta-casa-pocitos-con-renta-inmuebles-21196569
4 Dormitorios en Prado,U$S 358.000,200,https://www.gallito.com.uy/venta-casas-prado-4-dormitorios-ref-rgo-81-inmuebles-22095234
4 Dormitorios en Prado,U$S 358.000,,https://www.gallito.com.uy/suarez-y-bulevar-artigas-inmuebles-16304614
Más de 4 dormitorios en Pocitos,U$S 358.000,109,https://www.gallito.com.uy/espectacular-casa-con-renta-hasta-2023-en-pocitos-4-dormi-inmuebles-21827182
4 Dormitorios en Prado,U$S 358.000,166,https://www.gallito.com.uy/casablanca-excelente-punto-a-pasos-de-bvar-artigas-inmuebles-15247933
3 Dormitorios en Carrasco,U$S 360.000,,https://www.gallito.com.uy/venta-casa-carrasco-huertas-de-los-horneros-inmuebles-21747191
4 Dormitorios en La Blanqueada,U$S 360.000,238,https://www.gallito.com.uy/venta-casa-3-dormitorios-estar-escritorio-y-servicio-fond-inmuebles-21590998
2 Dormitorios en Pocitos,U$S 360.000,200,https://www.gallito.com.uy/para-inversor-con-renta-inmuebles-22082596
3 Dormitorios en Pocitos Nuevo,U$S 360.000,200,https://www.gallito.com.uy/casa-pocitos-nuevo-inmuebles-22109359
3 Dormitorios en Centro,U$S 360.000,1,https://www.gallito.com.uy/amplia-casa-en-carlos-quijano-esq-soriano-inmuebles-18713516
Más de 4 dormitorios en Pocitos,U$S 360.000,,https://www.gallito.com.uy/casa-en-pocitos-planta-alta-ph-145-m2-a-3-de-rambla-inmuebles-20538338
4 Dormitorios en Malvin,U$S 360.000,160,https://www.gallito.com.uy/espectacularmente-comoda-construccion-y-distribucion-unica-inmuebles-19881791
3 Dormitorios en Carrasco Norte,U$S 360.000,,https://www.gallito.com.uy/casa-en-venta-3-dormitorios-3-baã±os-cochera-patio-av-inmuebles-21170106
2 Dormitorios en Pocitos,U$S 360.000,200,https://www.gallito.com.uy/para-inversor-con-renta-inmuebles-22082670
4 Dormitorios en Prado,U$S 360.000,160,https://www.gallito.com.uy/del-prado-chalet-tejas-inmuebles-21416078
Más de 4 dormitorios en Malvin,U$S 360.000,201,https://www.gallito.com.uy/casa-de-4-dormitorios-en-venta-con-frente-fondo-garage-y-inmuebles-22277037
3 Dormitorios en Punta Gorda,U$S 360.000,110,https://www.gallito.com.uy/casa-en-portones-shopping-inmuebles-21914806
3 Dormitorios en Parque Batlle,U$S 360.000,,https://www.gallito.com.uy/inmejorable-ubicaciã³n-excepcional-construcciã³n-empresa-inmuebles-21862503
3 Dormitorios en Buceo,U$S 360.000,86,https://www.gallito.com.uy/excelente-oportunidad-de-inversion-inmuebles-17916768
Más de 4 dormitorios en Goes,U$S 360.000,220,https://www.gallito.com.uy/garibaldi-clinica-10dorm-8-baños-220mts-uss-360000-inmuebles-18311460
4 Dormitorios en Prado,U$S 360.000,275,https://www.gallito.com.uy/casa-en-venta-sobre-avenida-con-amplio-garaje-inmuebles-18437194
Más de 4 dormitorios en Buceo,U$S 360.000,,https://www.gallito.com.uy/2-casas-en-venta-5-dormitorios-2-baã±os-garaje-yacabã-inmuebles-17873592
3 Dormitorios en Carrasco,U$S 360.000,,https://www.gallito.com.uy/hermosa-casa-carrasco-3-dorm-3-baños-patio-y-parrille-inmuebles-21448311
3 Dormitorios en Malvin,U$S 360.000,100,https://www.gallito.com.uy/venta-casa-malvin-padron-unico-1-planta-patio-cochera-inmuebles-21669983
Más de 4 dormitorios en Ciudad Vieja,U$S 360.000,250,https://www.gallito.com.uy/diri-treinta-y-tres-prox-rambla-portuaria-gge-5-autos-inmuebles-22018660
3 Dormitorios en Carrasco Norte,U$S 360.000,102,https://www.gallito.com.uy/venta-casa-3-dormitorios-con-jardin-carrasco-montevideo-inmuebles-21791295
3 Dormitorios en Carrasco Norte,U$S 360.000,163,https://www.gallito.com.uy/casa-en-venta-y-alquiler-en-carrasco-norte-3-dormitorios-inmuebles-20627425
3 Dormitorios en Carrasco,U$S 360.000,150,https://www.gallito.com.uy/altos-de-la-tahona-una-planta-1000-mts-inmuebles-15510397
3 Dormitorios en Carrasco,U$S 360.000,110,https://www.gallito.com.uy/venta-casa-3-dormitorios-carrasco-inmuebles-21586302
3 Dormitorios en Malvin,U$S 360.000,180,https://www.gallito.com.uy/vendo-casa-de-3-dormitorios-en-malvin-inmuebles-19197346
3 Dormitorios en Punta Gorda,U$S 360.000,116,https://www.gallito.com.uy/propiedad-para-reformar-o-reciclar-inmuebles-20947141
3 Dormitorios en Carrasco,U$S 360.000,,https://www.gallito.com.uy/casa-en-venta-carrasco-sur-3-dormitorio-inmuebles-22101286
Más de 4 dormitorios en Cordon,U$S 360.000,1,https://www.gallito.com.uy/casa-cordon-venta-9-dormitorios-minas-prox-facultad-humani-inmuebles-15997999
3 Dormitorios en Carrasco,U$S 360.000,110,https://www.gallito.com.uy/casa-carrasco-inmuebles-21284659
3 Dormitorios en Pocitos,U$S 360.000,128,https://www.gallito.com.uy/venta-casa-pocitos-3-dormitorios-y-garage-inmuebles-21448074
Más de 4 dormitorios en Parque Rodo,U$S 365.000,260,https://www.gallito.com.uy/casa-de-estilo-excelente-construccion-inmuebles-20192337
4 Dormitorios en Prado,U$S 365.000,250,https://www.gallito.com.uy/asamblea-propiedades-venta-de-casa-en-prado-inmuebles-22055610
3 Dormitorios en Punta Gorda,U$S 365.000,200,https://www.gallito.com.uy/padron-unico-inmuebles-17875184
4 Dormitorios en Malvin,U$S 365.000,200,https://www.gallito.com.uy/hermosa-oportunidad-gran-fondo-barbacoa-y-piscina-inmuebles-19973122
3 Dormitorios en Punta Gorda,U$S 470.000,180,https://www.gallito.com.uy/excelente-ubicacion-amplio-fondo-con-piscina-inmuebles-20930014
Más de 4 dormitorios en Malvin Norte,U$S 470.000,460,https://www.gallito.com.uy/excelente-inversion-inmuebles-21629434
3 Dormitorios en Pocitos,U$S 470.000,285,https://www.gallito.com.uy/venta-casa-pocitos-3-dorm-con-gge-y-azotea-inmuebles-20610671
4 Dormitorios en Prado,U$S 470.000,500,https://www.gallito.com.uy/casa-en-venta-de-4-dormitorio-en-prado-ref-rgo-571-inmuebles-22096117
3 Dormitorios en Punta Gorda,U$S 470.000,1,https://www.gallito.com.uy/casa-punta-gorda-venta-3-dormitorios-coimbra-y-limburgo-1-p-inmuebles-16401861
4 Dormitorios en Carrasco,U$S 470.000,390,https://www.gallito.com.uy/casa-en-carrasco-ref-8287-inmuebles-21708003
Más de 4 dormitorios en Prado,U$S 470.000,272,https://www.gallito.com.uy/venta-casa-prado-ideal-empresa-inmuebles-15538672
3 Dormitorios en Punta Gorda,U$S 470.000,150,https://www.gallito.com.uy/venta-casa-punta-gorda-2-dormitorios-fondo-piscina-inmuebles-18980477
4 Dormitorios en Pocitos,U$S 470.000,185,https://www.gallito.com.uy/espectacular-casa-en-venta-4-dorm-en-pocitos-inmuebles-21486756
3 Dormitorios en Pocitos,U$S 470.000,170,https://www.gallito.com.uy/venta-casa-tres-dormitorios-pocitos-inmuebles-20572850
3 Dormitorios en Punta Gorda,U$S 470.000,180,https://www.gallito.com.uy/venta-casa-de-3-dormitorios-en-punta-gorda-inmuebles-16660846
3 Dormitorios en Punta Gorda,U$S 470.000,180,https://www.gallito.com.uy/casa-venta-punta-gorda-inmuebles-21826863
Más de 4 dormitorios en Buceo,U$S 470.000,360,https://www.gallito.com.uy/iza-venta-casa-buceo-de-4-dormitorios-inmuebles-13057907
3 Dormitorios en Pocitos,U$S 470.000,,https://www.gallito.com.uy/casa-mb-construccion-y-mantenimiento-inmuebles-18759471
Más de 4 dormitorios en Prado,U$S 470.000,392,https://www.gallito.com.uy/importante-casa-en-el-prado-mas-apartamento-inmuebles-12706058
3 Dormitorios en Jacinto Vera,U$S 474.000,,https://www.gallito.com.uy/gran-casa-en-venta-3-dormitorios-2-baã±os-mãs-amplio-galpã-inmuebles-20858686
Más de 4 dormitorios en Cordon,U$S 475.000,360,https://www.gallito.com.uy/en-venta-casa-reciclada-cordon-4-dormitorios-2-baños-inmuebles-21714471
3 Dormitorios en Carrasco,U$S 475.000,,https://www.gallito.com.uy/nuevo-precio-casa-en-carrasco-con-excelente-jardã­n-inmuebles-19964421
3 Dormitorios en Prado,U$S 475.000,276,https://www.gallito.com.uy/ifer&olivera-reyes-y-escardo-inmuebles-20599306
4 Dormitorios en Carrasco,U$S 475.000,300,https://www.gallito.com.uy/venta-de-casa-en-carrasco-4-dormitorios-una-planta-prox-rbl-inmuebles-21503498
3 Dormitorios en Malvin,U$S 475.000,280,https://www.gallito.com.uy/divina-casa-con-3-dorm-y-escritorio-fdo-bcoa-y-garage-inmuebles-20067605
Más de 4 dormitorios en Punta Carretas,U$S 475.000,185,https://www.gallito.com.uy/venta-casa-5-dormitorios-punta-carretas-montevideo-inmuebles-21114754
4 Dormitorios en Cordon,U$S 475.000,180,https://www.gallito.com.uy/en-venta-casa-reciclada-cordon-4-dorm-2-baños-sin-gc-inmuebles-21684318
4 Dormitorios en Cordon,U$S 475.000,,https://www.gallito.com.uy/casa-mas-apto-al-frente-en-venta-con-renta-4-dormitorios-2-inmuebles-21570615
3 Dormitorios en Punta Gorda,U$S 479.000,149,https://www.gallito.com.uy/casa-3-dormitorios-inmuebles-22006953
1 Ambiente en Prado,U$S 480.000,300,https://www.gallito.com.uy/casa-4-dormitorios-300-mts2-edificados-en-1000-mts2-de-terr-inmuebles-22305345
3 Dormitorios en Carrasco,U$S 480.000,210,https://www.gallito.com.uy/gran-casa-en-una-sola-planta-en-carrasco-inmuebles-21665128
2 Dormitorios en Malvin,U$S 480.000,416,https://www.gallito.com.uy/casa-con-4-amientes-2-dormitorios-y-taller-cod206-inmuebles-21993136
3 Dormitorios en Punta Carretas,U$S 480.000,185,https://www.gallito.com.uy/casa-punta-carretas-inmuebles-21218095
3 Dormitorios en Carrasco Norte,U$S 480.000,1,https://www.gallito.com.uy/en-venta-casa-en-zen-pueblo-jardin-inmuebles-22192006
4 Dormitorios en Prado,U$S 480.000,282,https://www.gallito.com.uy/venta-casa-en-prado-con-piscina-inmuebles-22108824
2 Dormitorios en Malvin,U$S 480.000,416,https://www.gallito.com.uy/galpon-con-amplio-terreno-en-pleno-malvin-surcod205-inmuebles-21993393
Más de 4 dormitorios en Tres Cruces,U$S 480.000,1,https://www.gallito.com.uy/casa-tres-cruces-venta-6-dormitorios-presidente-berro-y-jua-inmuebles-19698379
3 Dormitorios en Malvin Norte,U$S 480.000,400,https://www.gallito.com.uy/casa-de-2-plantas-3-dormitorios-ubicado-sobre-cno-carrasco-inmuebles-13628135
Más de 4 dormitorios en Capurro,U$S 480.000,475,https://www.gallito.com.uy/venta-propiedad-en-capurro-inmuebles-20766148
3 Dormitorios en Carrasco,U$S 480.000,,https://www.gallito.com.uy/casa-en-venta-3-dormitorios-5-baã±os-garaje-galpones-par-inmuebles-20320232
Más de 4 dormitorios en Aguada,U$S 480.000,400,https://www.gallito.com.uy/casa-de-3-plantas-y-3-dormitorios-ubicado-sobre-con-carrasc-inmuebles-13583337
3 Dormitorios en Carrasco Norte,U$S 480.000,500,https://www.gallito.com.uy/casa-carrasco-norte-inmuebles-21217852
3 Dormitorios en Carrasco,U$S 480.000,212,https://www.gallito.com.uy/excelente-padron-en-carrasco-inmuebles-21324237
4 Dormitorios en Prado,U$S 480.000,288,https://www.gallito.com.uy/hermosa-y-comoda-casa-en-prado-inmuebles-16980260
Más de 4 dormitorios en Carrasco,U$S 650.000,459,https://www.gallito.com.uy/casa-de-6-dormitorios-en-venta-en-carrasco-inmuebles-20823065
3 Dormitorios en Pocitos,U$S 650.000,1,https://www.gallito.com.uy/casa-pocitos-venta-3-dormitorios-iturriaga-con-fondo-y-gara-inmuebles-18136187
4 Dormitorios en Carrasco,U$S 650.000,251,https://www.gallito.com.uy/casa-venta-carrasco-4-dormitorios-y-serv-a-1-cuadra-ramb-inmuebles-21680077
4 Dormitorios en Punta Gorda,U$S 650.000,193,https://www.gallito.com.uy/casa-en-venta-de-4-dormitorios-c-cochera-en-punta-gorda-inmuebles-22082885
Más de 4 dormitorios en Parque Batlle,U$S 650.000,600,https://www.gallito.com.uy/ideal-empresa-grandes-comodidades-proximo-av-italia-inmuebles-14517020
Más de 4 dormitorios en Prado,U$S 650.000,450,https://www.gallito.com.uy/espectacular-propiedad-de-estilo-sobre-avenida-inmuebles-13222210
3 Dormitorios en Punta Gorda,U$S 650.000,360,https://www.gallito.com.uy/venta-casa-punta-gorda-3-dormitorios-inmuebles-12568204
Más de 4 dormitorios en Pocitos,U$S 650.000,350,https://www.gallito.com.uy/f-inmuebles-21628145
Más de 4 dormitorios en Atahualpa,U$S 650.000,444,https://www.gallito.com.uy/iza-venta-casa-atahualpa-5-dormitorios-inmuebles-13753212
Más de 4 dormitorios en Prado,U$S 650.000,946,https://www.gallito.com.uy/excelente-propiedad-zona-agraciada-y-juan-carlos-blanco-id-inmuebles-20933266
3 Dormitorios en Carrasco,U$S 650.000,250,https://www.gallito.com.uy/lo-tiene-todopara-entrar-con-las-valijas-inmuebles-13531242
4 Dormitorios en Carrasco,U$S 650.000,,https://www.gallito.com.uy/imperdible-unica-con-piscina-inmuebles-13882247
4 Dormitorios en Otro,U$S 650.000,1,https://www.gallito.com.uy/muy-linda-casa-en-carrasco-norte-en-venta-inmuebles-19288417
Más de 4 dormitorios en Punta Carretas,U$S 650.000,500,https://www.gallito.com.uy/casa-o-local-en-punta-carretas-352-mts-terreno-punta-carr-inmuebles-21986885
3 Dormitorios en Carrasco,U$S 650.000,190,https://www.gallito.com.uy/ideal-empresa-inmuebles-22179511
3 Dormitorios en Carrasco,U$S 650.000,180,https://www.gallito.com.uy/parque-miramar-fondo-al-lago-piscina-gran-fondo-calida-inmuebles-22090270
3 Dormitorios en Carrasco Norte,U$S 655.000,151,https://www.gallito.com.uy/venta-casa-3-dormitorios-san-nicolas-inmuebles-21879375
4 Dormitorios en Punta Gorda,U$S 659.000,322,https://www.gallito.com.uy/venta-casa-4-dormitorios-punta-gorda-inmuebles-22151816
Más de 4 dormitorios en Pocitos,U$S 660.000,300,https://www.gallito.com.uy/preciosa-casa-en-pocitos-con-piscina-inmuebles-20655693
Más de 4 dormitorios en Centro,U$S 670.000,,https://www.gallito.com.uy/espectacular-casa-a-la-venta-en-pleno-centro-con-dos-locale-inmuebles-22081222
Más de 4 dormitorios en Punta Carretas,U$S 670.000,280,https://www.gallito.com.uy/casa-con-renta-punta-carretas-ref-7822-inmuebles-20319933
Más de 4 dormitorios en Centro,U$S 670.000,834,https://www.gallito.com.uy/ideal-renta-casa-con-12-habitaciones-y-2-locales-comercia-inmuebles-21563444
Más de 4 dormitorios en Centro,U$S 670.000,834,https://www.gallito.com.uy/ideal-renta-casa-con-12-habitaciones-y-2-locales-comercia-inmuebles-21563443
Más de 4 dormitorios en Pocitos,U$S 670.000,470,https://www.gallito.com.uy/oportunidad-inversion-gran-casa-8-dor-3-niveles-pocitos-inmuebles-20388950
Más de 4 dormitorios en Aguada,U$S 675.000,202,https://www.gallito.com.uy/paraguay-y-san-jose-inmuebles-21971244
3 Dormitorios en Carrasco,U$S 680.000,209,https://www.gallito.com.uy/venta-casa-en-carrasco-3-dormitorios-inmuebles-22269657
4 Dormitorios en Punta Gorda,U$S 680.000,280,https://www.gallito.com.uy/alquilado-con-renta-permuta-pu-en-1-planta-inmuebles-13663266
4 Dormitorios en Carrasco,U$S 680.000,350,https://www.gallito.com.uy/venta-casa-carrasco-sur-4-dormitorios-inmuebles-21476188
4 Dormitorios en Parque Batlle,U$S 680.000,246,https://www.gallito.com.uy/4-dorms-y-servicio-corazon-de-p-batlle-prox-a-avenidas-inmuebles-22018789
3 Dormitorios en Malvin,U$S 680.000,350,https://www.gallito.com.uy/residencia-buena-presencia-al-sur-de-avda-italia-inmuebles-15159530
3 Dormitorios en Punta Gorda,U$S 680.000,,https://www.gallito.com.uy/excelente-punto-pronta-para-ocupar-todo-en-1-sola-planta-inmuebles-14471576
4 Dormitorios en Carrasco,U$S 680.000,395,https://www.gallito.com.uy/venta-casa-carrasco-4-dormitorios-inmuebles-20235951
4 Dormitorios en Carrasco,U$S 680.000,281,https://www.gallito.com.uy/casa-en-venta-inmuebles-21506482
3 Dormitorios en Otro,U$S 680.000,,https://www.gallito.com.uy/casa-en-venta-inmuebles-21158227
4 Dormitorios en Carrasco,U$S 680.000,350,https://www.gallito.com.uy/venta-casa-carrasco-sur-4-dormitorios-inmuebles-20273608
Más de 4 dormitorios en La Blanqueada,U$S 685.000,500,https://www.gallito.com.uy/casa-la-blanqueada-inmuebles-21323609
Más de 4 dormitorios en Carrasco,U$S 690.000,300,https://www.gallito.com.uy/hermosa-sobre-lombardia-2-plantas-si-banco-inmuebles-16871186
4 Dormitorios en Parque Batlle,U$S 690.000,,https://www.gallito.com.uy/casa-de-estilo-en-pqe-batlle-inmuebles-22153334
4 Dormitorios en Punta Carretas,U$S 690.000,450,https://www.gallito.com.uy/exquisita-ubicacion-a-pasos-del-mar-gconstruccion-inmuebles-13101829
3 Dormitorios en Punta Carretas,U$S 690.000,270,https://www.gallito.com.uy/venta-de-casa-de-diseño-en-punta-carretas-inmuebles-22216673
Más de 4 dormitorios en Punta Gorda,U$S 1.400.000,,https://www.gallito.com.uy/hermosa-casa-con-piscina-en-zona-privilegiada-inmuebles-20207937
Más de 4 dormitorios en Punta Carretas,U$S 1.400.000,267,https://www.gallito.com.uy/casa-en-punta-carretas-inmuebles-21217495
Más de 4 dormitorios en Punta Gorda,U$S 1.400.000,428,https://www.gallito.com.uy/gran-casa-en-punta-gorda-completamente-reciclada-inmuebles-17613481
Más de 4 dormitorios en Carrasco,U$S 1.420.000,420,https://www.gallito.com.uy/big-residential-house-or-office-building-carrasco-inmuebles-21036698
Más de 4 dormitorios en Otro,U$S 1.450.000,704,https://www.gallito.com.uy/espectacular-residencia-en-pleno-carrasco-inmuebles-20974795
4 Dormitorios en Carrasco,U$S 1.450.000,505,https://www.gallito.com.uy/venta-de-casa-carrasco-sur-piscina-inmuebles-22179304
4 Dormitorios en Carrasco,U$S 1.450.000,1779,https://www.gallito.com.uy/residencia-en-venta-inmuebles-15159330
4 Dormitorios en Carrasco Norte,U$S 1.480.000,237,https://www.gallito.com.uy/venta-excepcional-casa-c-terreno-6704-mt-carrasco-inmuebles-21779755
Más de 4 dormitorios en Carrasco,U$S 1.480.000,500,https://www.gallito.com.uy/casa-5-dormitorios-en-carrasco-con-muebles-inmuebles-18597077
Más de 4 dormitorios en Pocitos,U$S 1.490.000,646,https://www.gallito.com.uy/venta-con-renta-oficina-padron-unico-inmuebles-19361291
4 Dormitorios en Carrasco,U$S 1.490.000,1,https://www.gallito.com.uy/excelente-residencia-en-la-mejor-zona-de-carrasco-con-renta-inmuebles-19345977
4 Dormitorios en Carrasco,U$S 1.500.000,361,https://www.gallito.com.uy/lagos-inmuebles-17874866
Más de 4 dormitorios en Carrasco,U$S 1.500.000,396,https://www.gallito.com.uy/alquiler-y-venta-gran-casa-en-carrasco-inmuebles-20030062
Más de 4 dormitorios en Carrasco,U$S 1.500.000,541,https://www.gallito.com.uy/casa-venta-carrasco-centrico-inmuebles-21036466
4 Dormitorios en Punta Carretas,U$S 1.500.000,400,https://www.gallito.com.uy/un-poema-a-pasos-del-mar-inmuebles-12938046
4 Dormitorios en Punta Gorda,U$S 1.500.000,1,https://www.gallito.com.uy/rambla-esquina-soñada-vista-al-mar-inmuebles-13231204
Más de 4 dormitorios en Carrasco,U$S 1.500.000,541,https://www.gallito.com.uy/gran-casa-en-carrasco-ref-8064-inmuebles-20578491
1 Ambiente en Carrasco,U$S 1.500.000,541,https://www.gallito.com.uy/puntas-de-santiago-inmuebles-20260626
Más de 4 dormitorios en Carrasco,U$S 1.500.000,180,https://www.gallito.com.uy/casa-carrasco-inmuebles-22044983
Más de 4 dormitorios en Carrasco,U$S 1.500.000,500,https://www.gallito.com.uy/casa-en-carrasco-a-1-cuadra-de-la-rambla-inmuebles-21461532
Más de 4 dormitorios en Peñarol,U$S 1.500.000,1000,https://www.gallito.com.uy/exclusiva-residencia-en-el-entorno-de-colon-–-peñarol-inmuebles-21922411
Más de 4 dormitorios en Carrasco,U$S 1.500.000,,https://www.gallito.com.uy/casa-en-venta-inmuebles-21546950
3 Dormitorios en Punta Gorda,U$S 1.500.000,560,https://www.gallito.com.uy/unica-y-espectacular-lugar-inmuebles-12549008
4 Dormitorios en Carrasco Norte,U$S 1.500.000,321,https://www.gallito.com.uy/venta-casa-san-nicolas-4-dormitorios-servicio-inmuebles-22257568
Más de 4 dormitorios en Carrasco,U$S 1.500.000,541,https://www.gallito.com.uy/gran-casa-en-carrasco-ref-8064-inmuebles-21280690
4 Dormitorios en Carrasco,U$S 1.550.000,323,https://www.gallito.com.uy/casa-venta-alquiler-4-dormitorios-carrasco-centrico-inmuebles-21279624
Más de 4 dormitorios en Carrasco,U$S 1.590.000,337,https://www.gallito.com.uy/gran-chalet-con-muy-buen-contrato-a-diplomatico-hasta-2026-inmuebles-20929865
Más de 4 dormitorios en Carrasco,U$S 1.590.000,440,https://www.gallito.com.uy/excelente-casa-en-carrasco-ref-2924-inmuebles-18499712
Más de 4 dormitorios en Carrasco,U$S 1.590.000,1,https://www.gallito.com.uy/casa-carrasco-venta-5-dormitorios-figari-y-copacabana-zo-inmuebles-12555835
Más de 4 dormitorios en Punta Gorda,U$S 1.600.000,600,https://www.gallito.com.uy/vende-casa-punta-gorda-6-dorm-piscina-parrillero-inmuebles-19979025
Más de 4 dormitorios en Punta Gorda,U$S 1.600.000,600,https://www.gallito.com.uy/venta-casa-5-dormitorios-punta-gorda-inmuebles-21043123
4 Dormitorios en Carrasco,U$S 1.600.000,488,https://www.gallito.com.uy/casa-en-venta-inmuebles-17161338
Más de 4 dormitorios en Punta Gorda,U$S 1.600.000,600,https://www.gallito.com.uy/espectacular-casa-en-punta-gorda-inmuebles-20887966
Más de 4 dormitorios en Carrasco,U$S 1.630.000,340,https://www.gallito.com.uy/marcel-sapin-figari-y-copacabana-inmuebles-22270218
Más de 4 dormitorios en Carrasco,U$S 1.650.000,,https://www.gallito.com.uy/espectacular-casa-como-nueva-en-hermosa-casa-de-carrasco-inmuebles-18618997
Más de 4 dormitorios en Carrasco,U$S 1.680.000,942,https://www.gallito.com.uy/casa-venta-carrasco-inmuebles-18697906
4 Dormitorios en Punta Carretas,U$S 1.680.000,550,https://www.gallito.com.uy/sobre-br-artigas-golf-sobervia-mansion-como-estrenar-inmuebles-11872298
Más de 4 dormitorios en Paso Molino,U$S 1.780.000,400,https://www.gallito.com.uy/venta-local-comercial-en-paso-molino-sobre-agraciada-inmuebles-15357536
4 Dormitorios en Carrasco,U$S 1.800.000,300,https://www.gallito.com.uy/casa-venta-4-dormitorios-carrasco-inmuebles-20530009
4 Dormitorios en Carrasco,U$S 1.800.000,900,https://www.gallito.com.uy/gran-casa-en-muy-buena-ubicacion-inmuebles-21115047
